z,T,t,fs,fl,x,y,w,rho_b,p
0.0,618.2108881561105,505.0,0.0,0.0,0.16113690245829024,0.236817139375177,0.047724182751318844,1268.0,14330.0
0.050505050505050504,653.6324548120873,556.1844244947707,0.00016908935861199072,0.0,0.1611893467873131,0.2367646950416023,0.047724182744119055,1267.9634361131402,14386.239591678948
0.10101010101010101,683.9027471447838,599.704847721267,0.0004337648564678876,0.0,0.16127143780509876,0.23668260396851384,0.047724182656644826,1267.9062026354518,14446.882807517442
0.20202020202020202,732.34767202744,668.9554304009254,0.001269917729286659,0.0,0.16153077426912346,0.23642326561347027,0.04772417966555835,1267.725391295825,14578.85541429065
0.30303030303030304,768.6615781475582,720.5493549764025,0.0025020569954009694,0.0,0.16191290843186673,0.2360411148623872,0.04772415342724011,1267.458939093433,14721.633622072644
0.40404040404040403,796.1969715750861,759.4840775991291,0.004086973489505596,0.0,0.1624043838801699,0.23554956873734217,0.0477240416355716,1267.1161553658148,14871.973421096352
0.4713804713804714,810.8439981327251,780.1224064999346,0.005314578834309245,0.0,0.1627849820515517,0.23516886060850034,0.047723867712456264,1266.8506024846338,14975.165991852278
0.5387205387205387,823.1321007645463,797.392335724532,0.0066623307365606755,0.0,0.16320273700955273,0.2347509181858844,0.04772357119420828,1266.5590017946133,15080.051408292225
0.6060606060606061,833.4690029281044,811.8831373035742,0.008117397838388812,0.0,0.16365363849892364,0.23429972962202666,0.047723117120878296,1266.2441087518519,15186.160368885736
0.6734006734006734,842.1858292566309,824.0711441536041,0.009668398746338786,0.0,0.1641341317863062,0.23381883166305537,0.04772247704253365,1265.9083688467056,15293.10594541975
0.7407407407407408,849.5534230669509,834.3444857318191,0.011305368309734247,0.0,0.16464110909376428,0.23331131958716705,0.04772163118940184,1265.5539260874148,15400.569664777786
0.8080808080808081,855.7946162746077,843.0214906454029,0.013019651836672145,0.0,0.16517187700119618,0.23277987997017713,0.04772056873744521,1265.1826460207292,15508.289933958178
0.8417508417508417,858.5516827951315,846.8452710749295,0.013903440868481182,0.0,0.16544545407097494,0.23250591495127426,0.04771995511478332,1264.9911985374108,15562.177673258382
0.8501683501683501,859.2066811255116,847.7527156584147,0.014127687669886783,0.0,0.1655148642693377,0.23243640234971374,0.04771979314290241,1264.9426184695244,15575.64842264365
0.8585858585858586,859.8489072729616,848.642065694905,0.014355987227276002,0.0,0.16558552849800995,0.23236563355908355,0.047719627756574436,1264.893160158782,15589.118019203735
0.8754208754208754,861.0952202453631,850.3667997124401,0.014817011987538646,0.0,0.1657282207375716,0.2322227257401907,0.04771928677359551,1264.7932809291412,15616.0524702732
0.9427609427609428,865.6090919907717,856.5990764547959,0.016702489640442342,0.0,0.16631170709129955,0.23163829214816506,0.04771778852550329,1264.3847425453719,15723.682817771694
1.0101010101010102,869.4608916302603,861.8954327034536,0.018650139656349162,0.0,0.16691429626651172,0.23103462392349997,0.047716081798416916,1263.9626455322589,15831.038618943572
1.0774410774410776,872.7568923369516,866.4064923774376,0.020655351598450285,0.0,0.16753456816968176,0.23041314794644985,0.04771417732853494,1263.5279927462493,15938.004421363124
1.1447811447811447,875.5859913473859,870.2580991075763,0.02271419431806113,0.0,0.16817131477635336,0.22977508003852457,0.04771208744975305,1263.081641032048,16044.487228679272
1.2121212121212122,878.0226799167,873.5555960815174,0.024823322584897077,0.0,0.16882351030171597,0.22912145416762514,0.047709825106199866,1262.6243208706467,16150.412665024134
1.2794612794612794,880.1294654506312,876.3873036319955,0.026979895578411666,0.0,0.1694902853040175,0.22845314790142307,0.047707403151230704,1262.1566536197943,16255.721782774208
1.3468013468013469,881.958858634896,878.8273633953875,0.029181506137166628,0.0,0.17017090433221566,0.2277709044647219,0.047704833880888906,1261.679166556896,16360.36840564216
1.4141414141414141,883.5550119126113,880.9380772733441,0.031426119576731186,0.0,0.170864746700663,0.22707535178372898,0.04770212874760625,1261.1923059517826,16464.31691737398
1.4814814814814816,884.955076235672,882.7718399066176,0.03371202091203336,0.0,0.17157128998706256,0.22636701889059738,0.0476992982060414,1260.6964483946624,16567.540421480262
1.5488215488215487,886.1903285541329,884.3727415703572,0.03603776940382571,0.0,0.17229009588387711,0.22564635003328382,0.0476963516518722,1260.1919105913557,16670.019209990158
1.6161616161616161,887.2871115940954,885.7779020729406,0.03840215945578345,0.0,0.1730207980744706,0.22491371680031758,0.04769329742328265,1259.6789578197004,16771.739489634343
1.6835016835016834,888.2676191344013,887.0185838488304,0.04080418700025046,0.0,0.17376309184674268,0.22416942853349756,0.0476901428426508,1259.1578112211732,16872.69232251049
1.7508417508417509,889.1505535438974,888.1211229147667,0.04324302061754182,0.0,0.17451672519574363,0.22341374126677782,0.04768689428222032,1258.6286540821036,16972.87274546834
1.8181818181818181,889.9516773010668,889.1077089591101,0.04571797673179304,0.0,0.17528149120147324,0.222646865397948,0.04768355724238428,1258.0916372403028,17072.279038422097
1.8855218855218856,890.6842762396898,889.9970400228694,0.04822849831412345,0.0,0.17605722149850284,0.22186897227157162,0.04768013643483559,1257.5468837359492,17170.912116764903
1.952861952861953,891.3595490961073,890.8048726228817,0.05077413660126454,0.0,0.1768437806804019,0.2210801998269766,0.04767663586548542,1256.9944928102834,17268.775027193482
2.0202020202020203,891.9869353907715,891.5444844813883,0.05335453540539676,0.0,0.17764106150458778,0.2202806574436525,0.047673058913944924,1256.4345433420965,17365.87252969354
2.087542087542088,892.5743916222601,892.227064053666,0.055969417649633445,0.0,0.17844898078259347,0.21947043009787232,0.04766940840769375,1255.8670968000258,17462.210751304934
2.1548821548821553,893.1286240841031,892.8620386303369,0.05861857381436502,0.0,0.17926747585729919,0.2186495819283837,0.04766568668997156,1255.292199778202,17557.796899677385
2.2222222222222223,893.6552852585113,893.4573508146999,0.061301852023475246,0.0,0.18009650158279597,0.21781815929527834,0.047661895681041094,1254.7098861736508,17652.639026424134
2.2895622895622894,894.1591396428666,894.0196915456064,0.06401914953712122,0.0,0.1809360277345839,0.21697619340436602,0.047658036932869664,1254.1201790559242,17746.74583195053
2.356902356902357,894.644203990672,894.5546964788446,0.0667704054500575,0.0,0.18178603678803928,0.2161237025593063,0.047654111677524924,1253.5230922725934,17840.126504835695
2.4242424242424243,895.1138662862882,895.0671113913036,0.06955559442195058,0.0,0.1826465220117298,0.2152606940951984,0.047650120869727704,1252.9186318283778,17932.790590030065
2.491582491582492,895.5709873392243,895.5609312717871,0.07237472128911392,0.0,0.18351748582935373,0.21438716604018393,0.047646065224085356,1252.3067970707496,18024.747881148985
2.558922558922559,896.017988742933,896.0395168421398,0.07522781642560142,0.0,0.1843989384098533,0.2135031085458697,0.047641945247571205,1251.6875817108921,18116.00833304493
2.6262626262626263,896.456931241108,896.505691320882,0.07811493173507038,0.0,0.1852908964494531,0.21260850512319582,0.04763776126784435,1251.0609747059711,18206.58199169365
2.6936026936026938,896.8895885769941,896.9618191603747,0.08103613716172645,0.0,0.18619338211154732,0.21170333371822708,0.047633513458046076,1250.4269610272283,18296.478939326316
2.7609427609427613,897.3175242358587,897.4098670448678,0.08399151760578054,0.0,0.18710642208953887,0.21078756766322476,0.04762920185879996,1249.7855223390654,18385.709253834462
2.8282828282828283,897.7421831728896,897.8514453530396,0.08698117011036184,0.0,0.188030046752159,0.20986117654405226,0.04762482639833697,1249.1366376183996,18474.282983031087
2.8956228956228958,898.1650194523203,898.2878254578542,0.09000520114417501,0.0,0.1889642893178718,0.2089241270381263,0.0476203869120356,1248.4802837529937,18562.210136833044
2.9629629629629632,898.5876963983792,898.7199258996612,0.09306372373159934,0.0,0.18990918498294362,0.20797638379952432,0.04761588316326039,1247.8164361734873,18649.500704612597
3.0303030303030303,899.012420803938,899.1482656351844,0.096156854106528,0.0,0.19086476990486392,0.20701791049113388,0.04761131486798472,1247.1450695904928,18736.16471199348
3.0976430976430973,899.4425027731437,899.572921269472,0.0992847076612045,0.0,0.19183107997158205,0.20604867103446503,0.04760668172491497,1246.4661588871618,18822.21234230583
3.131313131313131,899.6610993061868,899.7837956985265,0.10086169041922652,0.0,0.19231826775898497,0.2055600031181323,0.04760434074429869,1246.1238669180193,18865.008294308616
3.164983164983165,899.8832370598799,899.9936703394271,0.10244739489325624,0.0,0.19280814956977044,0.20506863086028684,0.04760198344537777,1245.7796800120093,18907.654162271367
3.1986531986531985,900.1100805035936,900.202607199017,0.1040418340670975,0.0,0.1933007294479767,0.20457455019533363,0.04759960979406505,1245.4335953429288,18950.151387698148
3.2323232323232323,900.3430615615038,900.4108406112477,0.10564502130905822,0.0,0.19379601155295045,0.20407775693911812,0.047597219751132,1245.085609998609,18992.50149153987
3.265993265993266,900.5838899540811,900.6189089934611,0.10725697152893882,0.0,0.19429400051029336,0.20357824643202702,0.04759481326279544,1244.7357207255575,19034.70609348094
3.2996632996632997,900.8345290102018,900.827811279503,0.10887770308273663,0.0,0.19479470198966561,0.20307601295140415,0.04759239024525135,1244.3839235085948,19076.766930400023
3.3670033670033668,901.3738996599939,901.2552062840136,0.11214561759247257,0.0,0.19580427549319196,0.20206334369767726,0.04758749400077182,1243.6745816778282,19160.46492388443
3.4343434343434343,901.9782321266616,901.7133677986471,0.11544909419001269,0.0,0.1968248327541651,0.20103964709539693,0.04758252881662522,1242.9575120798645,19243.612064533143
3.468013468013468,902.3092059302596,901.9621327099386,0.1171143350700303,0.0,0.1973392811253812,0.20052361193202825,0.047580019146907605,1242.5960426273205,19284.984782067695
3.5016835016835017,902.6609717592579,902.2282661953969,0.11878869960150491,0.0,0.19785654642547826,0.20000474783238253,0.04757749048760081,1242.232589858063,19326.226816340055
3.5353535353535355,903.0341451544085,902.5143745699079,0.12047229747286897,0.0,0.19837666200140758,0.1994830208993193,0.04757494196868039,1241.8671295755248,19367.340629290316
3.5690235690235688,903.4289113576389,902.8223984557862,0.1221652489021809,0.0,0.19889966437722187,0.19895839398955525,0.047572372610949494,1241.4996352462783,19408.328681418923
3.6363636363636362,904.2822104288824,903.5085106113844,0.12557971857226943,0.0,0.1999544831480764,0.19790028389598657,0.04756716707100935,1240.7584326357871,19489.937171189387
3.737373737373737,905.7118329941677,904.7144061399189,0.13077464835503289,0.0,0.20155929379243503,0.1962904197569637,0.047559174505726554,1239.6306933865667,19611.465405908973
3.8383838383838382,907.2999550167767,906.1166785511679,0.13605943724291586,0.0,0.2031917986987634,0.1946527039573467,0.04755093302620898,1238.4833864222069,19731.98295649188
3.9057239057239053,908.4344066582926,907.1470575226726,0.13963229647875885,0.0,0.20429543037690023,0.19354550146039795,0.04754528548429197,1237.70769112072,19811.791707600754
3.9730639730639736,909.6212558235575,908.2438000877739,0.1432424899828822,0.0,0.20541054639815917,0.1924267308642368,0.047539505491628366,1236.9238499772637,19891.187096986978
4.040404040404041,910.8537933443369,909.3986131684458,0.14688401972252463,0.0,0.20653528008308075,0.19129825380372956,0.04753358507220522,1236.1331556294574,19970.181145386145
4.074074074074074,911.4850136621192,909.9952437862436,0.14871276153555807,0.0,0.20710008096816743,0.19073154643049592,0.04753056983072984,1235.736053323605,20009.53109374141
4.107744107744108,912.1248877256188,910.6032776100266,0.15054331659992232,0.0,0.20766541641594857,0.19016428053196632,0.04752751669611352,1235.3385381270957,20048.784663394214
4.141414141414142,912.7722410650275,911.2215557306869,0.15237160377903167,0.0,0.20823001972282285,0.18959772226746124,0.04752442480787663,1234.9414920727786,20087.943000048046
4.175084175084176,913.4256594758331,911.8487747787467,0.15419189959259405,0.0,0.20879211471249257,0.18903364729605238,0.04752129334833726,1234.5461523574108,20127.0071488926
4.208754208754209,914.0834028694952,912.4834206391824,0.15599639107265245,0.0,0.20934927702040168,0.1884744794987127,0.04751812155302903,1234.1542080377867,20165.978036802626
4.242424242424242,914.743324158207,913.1237007783749,0.15777479952310625,0.0,0.2098983173742095,0.18792340770682994,0.04751490872491221,1233.7678813967805,20204.856449035447
4.276094276094276,915.4028224308867,913.767493119858,0.1595142708697492,0.0,0.21043524757791152,0.18738441972938305,0.047511654252238154,1233.3899516638608,20243.643001787426
4.30976430976431,916.0588727524602,914.41233910836,0.16119979998058953,0.0,0.21095541214904054,0.1868621707285234,0.047508357628760024,1233.0236632711596,20282.33811439684
4.343434343434343,916.708172618214,915.055510273502,0.1628154133599999,0.0,0.2114538552270442,0.18636161632363382,0.047505018473396894,1232.6724701184855,20320.941987804606
4.377104377104377,917.3474114360135,915.6941606023795,0.16434607836817858,0.0,0.21192591287494986,0.1858874202990744,0.04750163654511091,1232.339622731873,20359.454597484942
4.410774410774411,917.973607677659,916.3255405600436,0.16577988457756174,0.0,0.21236788981143637,0.18544327787579543,0.04749821174872969,1232.02769657027,20397.87570730508
4.444444444444445,918.5844074377649,916.9472131198743,0.16710974255345382,0.0,0.21277758643796105,0.18503138868072147,0.047494744129423436,1231.7382246781813,20436.204905012808
4.478114478114478,919.1782461909697,917.5572073811096,0.1683339848098918,0.0,0.21315448528782302,0.18465227028765874,0.047491233856840724,1231.4715677262636,20474.4416528336
4.511784511784512,919.7543434948915,918.1540777014444,0.16945578698535543,0.0,0.21349957146651868,0.18430493776275483,0.04748768120267364,1231.227039163974,20512.585342333725
4.545454545454545,920.3125741007162,918.736879189922,0.17048183644212492,0.0,0.21381491961155186,0.18398731668924476,0.047484086516233516,1231.0031931082356,20550.635343533457
4.579124579124579,920.8532889869074,919.305094254988,0.17142082709447068,0.0,0.21410322693492753,0.1836967101105029,0.04748045020159256,1230.7981498092402,20588.59104263244
4.6127946127946124,921.3771451950814,919.8585440558938,0.17228219082442703,0.0,0.21436741965689415,0.18343019208400033,0.04747677269813291,1230.609869958423,20626.45186736835
4.646464646464646,921.8849726632643,920.3973057859806,0.17307522077217455,0.0,0.21461038100897767,0.1831848796683981,0.04747305446493545,1230.4363442595782,20664.217301918437
4.68013468013468,922.3776822461718,920.9216441803483,0.17380856360239505,0.0,0.2148347937049165,0.18295809044494946,0.04746929596866351,1230.2757032145314,20701.88689420379
4.713804713804714,922.8562076029846,921.4319581406169,0.17448998546767144,0.0,0.21504306732242492,0.18274741512989356,0.04746549767432526,1230.1262677261402,20739.460258227045
4.747474747474747,923.3214710204008,921.9287402766381,0.17512631208595913,0.0,0.2152373197026036,0.18255073617063333,0.047461660038298555,1229.9865620521125,20776.93707342025
4.781144781144781,923.7743646681553,922.4125465214506,0.17572346604717498,0.0,0.21541938851492884,0.18236621617743895,0.047457783503103236,1229.8553057349593,20814.317082325615
4.814814814814815,924.2157412120962,922.8839733121949,0.17628655055326198,0.0,0.21559085722922147,0.18219227194902388,0.04745386849352028,1229.731395491912,20851.60008743048
4.848484848484849,924.6464098504432,923.3436403981277,0.17681994942238347,0.0,0.215753086134832,0.18202754345156485,0.04744991541375496,1229.6138835884574,20888.785947639644
4.882154882154882,925.0671353753937,923.7921778524639,0.17732742705421586,0.0,0.2159072433490415,0.18187086280902176,0.047445924645415395,1229.501956220732,20925.874574657366
4.915824915824916,925.4786388575327,924.2302162587246,0.17781222051234147,0.0,0.2160543333809667,0.18172122573835872,0.047441896546132165,1229.394913602869,20962.86592942581
4.94949494949495,925.881599157249,924.658379323764,0.17827712067791832,0.0,0.21619522230584493,0.1815777663747058,0.04743783144868424,1229.2921524178473,20999.76001869495
4.983164983164983,926.2766548228743,925.0772783663745,0.17872454196564053,0.0,0.21633065939162077,0.181439735644472,0.04743372966052539,1229.1931507418526,21036.55689175889
5.016835016835016,926.6644061381256,925.4875082682746,0.179156581319691,0.0,0.21646129540034956,0.1813064829638419,0.047429591463626894,1229.0974552869063,21073.256637371866
5.05050505050505,927.0454171941392,925.8896445720819,0.17957506770711604,0.0,0.2165876979419924,0.18117744088503773,0.04742541711456905,1229.0046706984676,21109.859380845683
5.084175084175084,927.4202179232094,926.2842414819588,0.1799816034505906,0.0,0.21671036429683663,0.18105211227407925,0.04742120684482663,1228.9144506177947,21146.36528132462
5.117845117845118,927.789306064202,926.6718305752405,0.18037759868174547,0.0,0.21682973210393244,0.1809300596226213,0.04741696086120387,1228.8264902319947,21182.774529231046
5.151515151515151,928.1531654093827,927.0529201335779,0.1807644116023705,0.0,0.21694618788224163,0.1808108965285994,0.047412714346024815,1228.7404959454993,21219.0873442027
5.185185185185185,928.512258399543,927.4280016627898,0.18114327445020562,0.0,0.21706007333963329,0.18069428139241853,0.04740850819301461,1228.6562013937223,21255.303974088158
5.218855218855219,928.8670036202437,927.7975462757861,0.18151516715175675,0.0,0.21717169305799502,0.18057990972774804,0.04740434210896321,1228.5733947608219,21291.4246920812
5.252525252525253,929.2177935419226,928.1620006928215,0.1818809665061631,0.0,0.2172813202091443,0.18046750844407666,0.047400215178019095,1228.4918865188508,21327.449794314496
5.2861952861952854,929.5649964622213,928.5217878594345,0.18224146239060618,0.0,0.21738920085610527,0.18035683154595655,0.0473961265892649,1228.411505923951,21363.379597996012
5.319865319865319,929.9089580422634,928.8773077310816,0.18259736944270785,0.0,0.21749555758373978,0.18024765650289576,0.04739207563173116,1228.332098490606,21399.21443967401
5.353535353535353,930.2500027598674,929.2289381517227,0.1829493369504074,0.0,0.21760059257309383,0.18013978117553248,0.047388061689611134,1228.253523853508,21434.954673622593
5.387205387205387,930.5884352829055,929.5770357952521,0.1832979572524842,0.0,0.21770449021348254,0.1800330212040626,0.04738408423768653,1228.1756539514727,21470.60067034045
5.42087542087542,930.9245417658456,929.9219371449212,0.1836437728975026,0.0,0.21780741932916192,0.17992720778206875,0.04738014283697015,1228.0983714798242,21506.15281515593
5.454545454545454,931.2585910724192,930.2639594910213,0.1839872827643523,0.0,0.2179095350836042,0.1798221857527309,0.04737623713056806,1228.021568567313,21541.611506931775
5.488215488215488,931.5908359273839,930.6034019313063,0.18432894731189312,0.0,0.21801098061333515,0.17971781197545805,0.04737236683976099,1227.945145641338,21576.97715686325
5.521885521885522,931.9215140003658,930.9405463620814,0.18466919309615945,0.0,0.21811188843428272,0.17961395391999002,0.04736853176030286,1227.8690104515406,21612.25018736365
5.555555555555555,932.2508489245827,931.2756584505672,0.18500841666849127,0.0,0.21821238165580634,0.17951048845279882,0.04736473175893221,1227.7930772272439,21647.431031031563
5.589225589225589,932.5790512534434,931.6089885815334,0.18534698795005164,0.0,0.21831257503202406,0.17940730078617195,0.04736096677009114,1227.717265948106,21682.520129694436
5.622895622895623,932.906319357813,931.9407727729299,0.18568525316089454,0.0,0.21841257587469123,0.17930428356572337,0.047357236792845384,1227.6415017110758,21717.517933523384
5.656565656565657,933.232840266838,932.2712335568131,0.18602353736973162,0.0,0.21851248484815786,0.179201336075805,0.04735354188799806,1227.565714179352,21752.424900214435
5.69023569023569,933.5587904551384,932.6005808230375,0.18636214671943885,0.0,0.21861239666348828,0.17909836354573536,0.04734988217538954,1227.489837101443,21787.241494231614
5.723905723905723,933.8843365790714,932.9290126241265,0.1867013703741775,0.0,0.21871240068598313,0.17899527654260547,0.047346257831375055,1227.4138078904057,21821.968186107635
5.757575757575758,934.2096361648692,933.256715940591,0.18704148222780767,0.0,0.21881258146842247,0.178891990438344,0.047342669086471785,1227.337567254686,21856.60545179818
5.7912457912457915,934.5348382512165,933.5838674064925,0.18738274240602246,0.0,0.2189130192200998,0.1787884249409718,0.04733911622316686,1227.2610588735486,21891.153772085872
5.824915824915825,934.8600839888489,933.910633995578,0.18772539859028103,0.0,0.21901379022036815,0.17868450368132602,0.04733559957387783,1227.1842291110243,21925.61363203057
5.858585858585858,935.1855071996873,934.237173668697,0.18806968718752182,0.0,0.2191149671841474,0.17858015384780476,0.04733211951905729,1227.10702676319,21959.985520462506
5.892255892255893,935.5112348979222,934.5636359834974,0.18841583436606543,0.0,0.21921661958573568,0.17847530586279073,0.04732867648543325,1227.0294028343706,21994.269929515223
5.9259259259259265,935.8373877752967,934.890162667569,0.18876405697461898,0.0,0.2193188139461802,0.17836989309549825,0.04732527094437746,1226.9513103386005,22028.467354195414
5.95959595959596,936.1640806528837,935.216888156437,0.1891145633598873,0.0,0.21942161408902877,0.1782638516064247,0.047321903410393745,1226.872704123003,22062.578291986916
5.993265993265993,936.4914229014599,935.5439400978677,0.18946755409547894,0.0,0.21952508136840676,0.17815711991946054,0.04731857443971888,1226.7935407103312,22096.603242486377
6.026936026936027,936.8195188324737,935.8714398240113,0.18982322263299506,0.0,0.2196292748728075,0.17804963881827252,0.04731528462902887,1226.7137781583297,22130.54270706819
6.0606060606060606,937.14846806161,936.1995027930054,0.19018175588542355,0.0,0.21973425160774457,0.17794135116381066,0.047312034614243645,1226.6333759337194,22164.39718857657
6.094276094276094,937.4783658467131,936.5282390015927,0.19054333475066304,0.0,0.21984006665970257,0.17783220173050432,0.04730882506942358,1226.552294799118,22198.167191042678
6.127946127946128,937.8093034018817,936.857753370385,0.19090813458295014,0.0,0.21994677334380608,0.17772213705872797,0.04730565670575164,1226.4704967112164,22231.853219424942
6.161616161616161,938.141368189322,937.1881461033099,0.19127632561810104,0.0,0.2200544233370481,0.17761110532169583,0.04730253027059514,1226.387944728931,22265.455779370848
6.195286195286195,938.4746441905899,937.5195130228138,0.1916480733586119,0.0,0.22016306679896122,0.17749905620490306,0.04729944654664144,1226.3046029302282,22298.97537699852
6.228956228956228,938.8092121586249,937.8519458822797,0.19202353892301227,0.0,0.22027275248110104,0.1773859407967441,0.047296406351102334,1226.2204363366684,22332.412518696616
6.262626262626262,939.1451498520024,938.1855326571222,0.19240287936403258,0.0,0.22038352782676468,0.17727171148888715,0.04729341053498195,1226.1354108446867,22365.76771094122
6.296296296296296,939.4825322526968,938.520357815943,0.19278624795927476,0.0,0.22049543906209393,0.17715632188525374,0.04729045998240358,1226.04949316281,22399.041460128323
6.32996632996633,939.8214317685857,938.8565025730794,0.19317379447773222,0.0,0.220608531279608,0.17703972671856094,0.0472875556099908,1225.9626507540906,22432.234272420792
6.363636363636363,940.1619184218157,939.1940451237971,0.19356566542490303,0.0,0.2207228485150226,0.17692188177356902,0.04728469836629875,1225.8748517831616,22465.34665360876
6.397306397306397,940.5040600241125,939.5330608633358,0.19396200426913088,0.0,0.2208384338181776,0.17680274381621258,0.04728188923129161,1225.7860650673424,22498.37910898234
6.430976430976431,940.8479223400695,939.8736225909668,0.19436295165165862,0.0,0.2209553293188495,0.17668227052783986,0.047279129215862546,1225.696260031265,22531.33214321579
6.4646464646464645,941.1935692393022,940.2158007001146,0.1947686455820639,0.0,0.2210735762879714,0.17656042044403783,0.04727641936139259,1225.6054066646493,22564.206260262326
6.498316498316498,941.5410628383593,940.5596633555698,0.19517922162094514,0.0,0.2211932151948438,0.1764371528974597,0.04727376073934524,1225.5134754828352,22597.001963258666
6.531986531986532,941.8904636331886,940.9052766587364,0.19559481305136117,0.0,0.2213142857608078,0.17631242796418442,0.04727115445089372,1225.420437489738,22629.719754438713
6.565656565656566,942.2418306229325,941.2527048018287,0.1960155510405085,0.0,0.22143682700984382,0.17618620641314436,0.047268601626577846,1225.326264142911,22662.360135055627
6.5993265993265995,942.5952214257229,941.6020102118371,0.19644156479264824,0.0,0.22156087731641397,0.17605844965830414,0.04726610342598806,1225.2309273204949,22694.923605311713
6.632996632996633,942.9506923871219,941.9532536850459,0.19687298169433787,0.0,0.221686474450879,0.17592911971325984,0.047263661037473814,1225.1343992898278,22727.41066429556
6.666666666666667,943.3082986818226,942.3064945128443,0.19730992745298023,0.0,0.22181365562280642,0.17579817914794155,0.04726127567787412,1225.036652677495,22759.821809925907
6.700336700336701,943.6680944091355,942.6617905994952,0.19775252622933243,0.0,0.22194245752237274,0.17566559104721777,0.04725894859226786,1224.9376604406812,22792.15753890175
6.7340067340067336,944.0301326827803,943.0191985724997,0.1982009007647339,0.0,0.22207291636009766,0.17553131897116273,0.047256681053741846,1224.83739583966,22824.41834665829
6.767676767676768,944.3944657154199,943.3787738861237,0.19865517250344542,0.0,0.2222050679050348,0.17539532691686324,0.04725447436317453,1224.7358324113393,22856.60472732828
6.801346801346802,944.7611448984283,943.7405709186652,0.19911546171105374,0.0,0.22233894752171712,0.1752575792814665,0.04725232984903359,1224.6329439436497,22888.71717370842
6.8686868686868685,945.5017436205248,944.4710428145572,0.20005456838495683,0.0,0.22261203061886398,0.1749766766431838,0.04724823280070693,1224.4230881492545,22952.7222279382
6.936026936026937,946.2523263188095,945.2110311159073,0.20101916359128785,0.0,0.22289244180375106,0.17468833290783992,0.047244401081300354,1224.2076228601804,23016.43742400869
7.0033670033670035,947.0132817436495,945.9609407935167,0.2020101782501775,0.0,0.2231804529301001,0.17439227415301045,0.047240846293519816,1223.986344987538,23079.86665379047
7.070707070707071,947.7849918326746,946.7211672009407,0.2030285346102039,0.0,0.22347633255368457,0.17408822968091614,0.047237580465212106,1223.7590532542945,23143.01378599857
7.138047138047138,948.5678334397245,947.4920981097425,0.20407514929812887,0.0,0.22378034688145648,0.1737759310682168,0.04723461604452,1223.525547534879,23205.882666032674
7.205387205387205,949.3621799128359,948.2741155490822,0.20515093621154296,0.0,0.22409276067142034,0.17345511126485252,0.04723196589505578,1223.285628228578,23268.47711599663
7.2727272727272725,950.1684025409731,949.0675974768745,0.20625680925790446,0.0,0.2244138380845137,0.1731255037406791,0.047229643290934736,1223.0390956659758,23330.800934876468
7.34006734006734,950.9868718855058,949.872919304924,0.20739368494032587,0.0,0.2247438434887706,0.17278684167962594,0.0472276619115164,1222.7857495483659,23392.85789885878
7.407407407407407,951.8179590093101,950.6904552963299,0.20856248478822983,0.0,0.22508304221534287,0.1724388572218044,0.04722603583570595,1222.5253884205422,23454.65176177351
7.474747474747475,952.6620366140214,951.5205798501661,0.2097641376308572,0.0,0.2254317012659041,0.17208128075404355,0.04722477953567066,1222.257809177408,23516.18625564706
7.542087542087542,953.5194800938633,952.3636686856191,0.21099958171062508,0.0,0.22579008997065156,0.17171384024963848,0.047223907869827865,1221.9828066050525,23577.465091353064
7.609427609427609,954.3906685131857,953.2200999356803,0.2122697666355467,0.0,0.22615848059680527,0.17133626065741223,0.047223436074960996,1221.7001729564663,23638.491959349572
7.6767676767676765,955.2759855136768,954.0902551587728,0.21357565517060922,0.0,0.2265371489077137,0.17094826333997992,0.04722337975732001,1221.409697561914,23699.270530492344
7.744107744107744,956.1758201564488,954.9745202753886,0.21491822486989645,0.0,0.22692637467326185,0.1705495655605184,0.04722375488256118,1221.1111664735813,23759.804456915055
7.8114478114478105,957.0905677034312,955.8732864357091,0.21629846955148216,0.0,0.22732644213235115,0.1701398800172687,0.0472245777643803,1220.8043621440506,23820.097372967928
7.878787878787879,958.0206303424773,956.7869508236465,0.21771740062118822,0.0,0.2277376404094831,0.16971891442373704,0.047225865051691386,1220.489063137291,23880.15289620715
7.946127946127947,958.9664178598506,957.7159174019424,0.21917604824933853,0.0,0.22816026388686936,0.169286371133167,0.04722763371420183,1220.165043871258,23939.974628428074
7.979797979797981,959.4453387384768,958.1862672757202,0.21992059309026288,0.0,0.2283759535898891,0.16906566328816194,0.047228703947976285,1219.9996924563357,23969.79894442149
8.013468013468014,959.9283482643757,958.6605976033151,0.22067546240875865,0.0,0.228594612534744,0.16884194680460365,0.047229901026257806,1219.8320743903262,23999.566156737037
8.047138047138048,960.4155000681926,959.1389610858472,0.22144079069402223,0.0,0.22881627913849997,0.16861518282686697,0.04723122715296587,1219.6621602127618,24029.27671164839
8.080808080808081,960.9068473316993,959.6214103938598,0.22221670656401063,0.0,0.22904098996193878,0.16838533434848293,0.04723268454869048,1219.4899217266316,24058.93105465088
8.114478114478114,961.4024407447669,960.1079966764702,0.22300332144919907,0.0,0.22926877619718047,0.16815236972453734,0.047234275450193354,1219.3153344454233,24088.52963029143
8.148148148148147,961.9023411669135,960.598777253967,0.22380081262203846,0.0,0.22949968944294324,0.1679162368960666,0.04723600210922604,1219.1383596385378,24118.072882523218
8.18181818181818,962.4066046765545,961.0938072298136,0.2246093192728296,0.0,0.2297337694436876,0.1676768956507547,0.047237866791947476,1218.958966803704,24147.56125473634
8.215488215488215,962.9152879860518,961.5931422920412,0.2254289821131956,0.0,0.22997105638411242,0.1674343053283648,0.047239871778290095,1218.7771251030629,24176.995189687623
8.24915824915825,963.4284484575452,962.0968387327179,0.22625994337965236,0.0,0.2302115908907819,0.16718842481896756,0.04724201936112116,1218.592803362271,24206.37512953705
8.282828282828282,963.946144117926,962.6049534662201,0.22710234683674752,0.0,0.2304554140336482,0.16693921256126906,0.047244311845364984,1218.4059700696937,24235.70151588449
8.316498316498315,964.4684336730298,963.1175440464173,0.22795633777973762,0.0,0.2307025673274627,0.1666866265410471,0.0472467515470844,1218.216593375695,24264.97478980667
8.35016835016835,964.9953765211163,963.6346686828666,0.2288220630367744,0.0,0.23095309273306713,0.16643062428970246,0.04724934079252034,1218.0246410920292,24294.195391894362
8.383838383838384,965.5270327656949,964.156386256106,0.22969967097057098,0.0,0.2312070326585573,0.1661711628829343,0.04725208191708809,1217.8300806913428,24323.363762289722
8.417508417508417,966.063463227754,964.6827563321257,0.23058931147951778,0.0,0.23146442996031097,0.1659081989395465,0.0472549772643291,1217.632879306791,24352.4803407238
8.45117845117845,966.6047294574398,965.213839176088,0.2314911359982196,0.0,0.2317253279438724,0.16564168862039372,0.04725802918481694,1217.433003731775,24381.545566554152
8.484848484848484,967.150893745229,965.7496957653594,0.23240529749742295,0.0,0.23198977036468452,0.16537158762747495,0.04726124003501635,1217.23042041981,24410.55987880253
8.518518518518519,967.7020191326354,966.2903878019131,0.23333195048330446,0.0,0.23225780142866126,0.16509785120318282,0.047264612176094,1217.025095484523,24439.523716192653
8.552188552188552,968.2581694224822,966.8359777241503,0.23427125099609028,0.0,0.23252946579259132,0.1648204341297168,0.04726814797268005,1216.8169946997978,24468.437517188
8.585858585858585,968.8194091887727,967.3865287181897,0.23522335660797558,0.0,0.2328048085643649,0.1645392907286689,0.04727184979157909,1216.6060835000603,24497.301720029634
8.61952861952862,969.3858037861856,967.9421047286609,0.23618842642031362,0.0,0.2330838753030149,0.16425437486079036,0.047275720000429594,1216.392326980724,24526.11676277407
8.653198653198654,969.9574193592174,968.5027704690416,0.23716662106004313,0.0,0.23336671201856332,0.16396563992594798,0.04727976096631063,1216.1756898987915,24554.88308333103
8.686868686868687,970.5343228509943,969.0685914315687,0.23815810267532284,0.0,0.2336533651716647,0.16367303886327897,0.047283975054294915,1215.9561366736266,24583.60111950131
8.72053872053872,971.1165820117704,969.6396338967503,0.2391630349303409,0.0,0.23394388167303667,0.16337652415155343,0.047288364625947085,1215.7336313878977,24612.27130901447
8.754208754208754,971.7042654071278,970.215964942505,0.24018158299926665,0.0,0.2342383088826686,0.16307604780975354,0.04729293203776628,1215.5081377887052,24640.89408956659
8.787878787878789,972.2974424258908,970.7976524529496,0.24121391355931174,0.0,0.23453669460879886,0.1627715613978792,0.04729767963957203,1215.2796192888934,24669.46989885788
8.821548821548822,972.8961832877683,971.3847651268528,0.24226019478286748,0.0,0.23483908710665055,0.1624630160179895,0.047302609772832585,1215.0480389685617,24697.99917463023
8.855218855218855,973.5005590507292,971.9773724857718,0.24332059632868344,0.0,0.2351455350769163,0.16215036231548985,0.047307724768934765,1214.8133595767756,24726.482354704727
8.88888888888889,974.1106416181219,972.5755448818857,0.24439528933205262,0.0,0.23545608766398066,0.16183355048067574,0.0473130269473945,1214.5755435334872,24754.919877019012
8.922558922558924,974.7265037455398,973.179353505536,0.24548444639396674,0.0,0.2357707944538705,0.16151253025054293,0.04731851861400734,1214.3345529316769,24783.312179664565
8.956228956228957,975.3482190474408,973.7888703924859,0.2465882415692052,0.0,0.23608970547192168,0.1611872509108752,0.04732420205893809,1214.0903495397165,24811.659700923854
8.98989898989899,975.9758620035187,974.4041684309034,0.2477068503533189,0.0,0.2364128711801504,0.1608576612986213,0.047330079554748876,1213.842894803969,24839.96287930742
9.023569023569022,976.6095079648298,975.0253213680755,0.2488404496684685,0.0,0.23674034247431738,0.16052370980457317,0.047336153354365085,1213.5921498516295,24868.22215359074
9.057239057239055,977.2492331596734,975.652403816859,0.24998921784807576,0.0,0.2370721706806718,0.16018534437635767,0.047342425688978486,1213.3380754938178,24896.437962851043
9.09090909090909,977.8951146992209,976.2854912618674,0.251153334620243,0.0,0.23740840755236123,0.15984251252175588,0.04734889876588702,1213.0806322289302,24924.610746503917
9.124579124579125,978.547230582891,976.9246600653985,0.2523329810898919,0.0,0.23774910526549298,0.1594951613123642,0.047355574766270725,1212.8197802462657,24952.74094433979
9.158249158249157,979.2056597034606,977.5699874731001,0.2535283397195707,0.0,0.23809431641483017,0.15914323738761374,0.04736245584290348,1212.555479429931,24980.828996560238
9.19191919191919,979.8704818519034,978.2215516193726,0.25473959430886983,0.0,0.2384440940091047,0.15878668695916573,0.04736954411780004,1212.2876893630414,25008.87534381414
9.225589225589225,980.5417777219383,978.8794315325057,0.2559669299723805,0.0,0.2387984914659262,0.15842545581570383,0.04737684167979821,1212.0163693322318,25036.880427233617
9.25925925925926,981.2196289142689,979.5437071395423,0.2572105331161188,0.0,0.2391575626062624,0.15805948932814684,0.047384350582075796,1211.7414783324907,25064.844688469813
9.292929292929292,981.9041179404894,980.2144592708637,0.25847059141232354,0.0,0.23952136164846297,0.15768873245531112,0.04739207283960228,1211.4629750723414,25092.768569728476
9.326599326599325,982.5953282266169,980.891769664485,0.25974729377251676,0.0,0.2398899432017908,0.15731312975005685,0.04740001042652505,1211.180817979391,25120.652513805286
9.36026936026936,983.2933441162062,981.5757209700487,0.26104083031868547,0.0,0.24026336225941725,0.1569326253659626,0.04740816527349019,1210.894965206278,25148.49696412102
9.393939393939394,983.9982508729792,982.2663967524996,0.26235139235240745,0.0,0.24064167419082497,0.1565471630645836,0.047416539264897965,1210.6053746370596,25176.302364756415
9.427609427609427,984.7101346828814,982.9638814954192,0.26367917232168897,0.0,0.2410249347335461,0.15615668622336634,0.047425134236093056,1210.3120038940847,25204.06916048681
9.46127946127946,985.4290826554442,983.6682606039922,0.2650243637852062,0.0,0.24141319998413882,0.1557611378443157,0.04743395197048991,1210.0148103454194,25231.797796816496
9.494949494949495,986.1551828242835,984.3796204075705,0.2663871613735372,0.0,0.24180652638827294,0.15536046056354377,0.04744299419663354,1209.7137511129197,25259.488720012745
9.52861952861953,986.8885241465053,985.0980481617863,0.2677677607468208,0.0,0.2422049707297491,0.1549545966618763,0.04745226258519615,1209.4087830810638,25287.142377139484
9.562289562289562,987.6291965006902,985.823632050154,0.26916635854807014,0.0,0.2426085901182092,0.1545434880767574,0.047461758745910444,1209.0998629067194,25314.759216090584
9.595959595959595,988.3772906830056,986.5564611850818,0.2705831523510639,0.0,0.24301744197520345,0.15412707641578854,0.047471484224440086,1208.7869470300743,25342.339685622694
9.62962962962963,989.1328984008024,987.2966256081861,0.27201834060131347,0.0,0.24343158401814485,0.15370530297236937,0.04748144049918851,1208.4699916870543,25369.884235387475
9.663299663299664,989.8961122627903,988.0442162897649,0.2734721225479895,0.0,0.24385107424149266,0.15327810874409944,0.04749162897804716,1208.148952923688,25397.393315963196
9.696969696969697,990.6670257645044,988.7993251272472,0.27494469816381306,0.0,0.24427597089423161,0.15284543445487342,0.04750205099508464,1207.8237866130662,25424.86737888549
9.73063973063973,991.4457332672214,989.5620449423617,0.2764362680486456,0.0,0.2447063324523201,0.15240722058199638,0.04751270780717868,1207.4944484758144,25452.306876677
9.764309764309765,992.2323299676916,990.3324694766886,0.27794703331067955,0.0,0.24514221758420898,0.15196340739021721,0.047523600590593316,1207.1608941054014,25479.712262875666
9.7979797979798,993.0269118548923,991.1106933851432,0.27947719541646804,0.0,0.24558368510670628,0.15151393497540516,0.0475347304375044,1206.8230790001764,25507.083992061096
9.831649831649832,993.8295756483238,991.8968122267819,0.2810269559971535,0.0,0.24603079392725583,0.15105874332180033,0.04754609835247758,1206.4809586048666,25534.42251987846
9.865319865319865,994.6404187099058,992.6909224521188,0.2825965165925838,0.0,0.24648360296693517,0.1505977723785337,0.04755770524890449,1206.134488365497,25561.728303058917
9.8989898989899,995.4595389179063,993.493121385865,0.2841860783066838,0.0,0.2469421710558911,0.15013096216369776,0.04756955194540484,1205.7836238034902,25589.00179943522
9.932659932659934,996.2870344860119,994.3035072036399,0.2857958413351985,0.0,0.2474065567891213,0.14965825290805945,0.047581639162205334,1205.4283206173545,25616.24346795063
9.966329966329967,997.1230037027542,995.12217890073,0.2874260043088173,0.0,0.24787681832488093,0.14917958525613664,0.047593967517511104,1205.0685348242853,25643.45376865824
10.0,997.9675445548213,995.9492362503521,0.28907676336784077,0.0,0.24835301309964516,0.14869490055070816,0.04760653752389197,1204.7042229598067,25670.633162706774
10.033670033670033,998.820754180358,996.7847797480825,0.2907483108445983,0.0,0.24883519742113497,0.14820414123925024,0.04761934958471633,1204.335342362227,25697.782112306762
10.056116722783388,999.3944238387907,997.3465731959075,0.29187431742426845,0.0,0.24916000821507187,0.14787356590432768,0.047628025581581815,1204.086863243358,25715.864727164906
10.078563411896745,999.9720164459022,997.9122133160286,0.2930096997782898,0.0,0.24948752093305576,0.14754024989525105,0.047636809347410866,1203.8363232501317,25733.934154484377
10.1010101010101,1000.5535589112881,998.4817303112851,0.2941545091353542,0.0,0.24981775051272964,0.14720417788702547,0.04764570091650717,1203.5837109714032,25751.99053189855
10.123456790123456,1001.1390771227802,999.0551544585445,0.2953087939674959,0.0,0.2501507110473257,0.14686533539395014,0.047654700299476126,1203.329015587735,25770.033997173246
10.145903479236813,1001.728595598189,999.6325160855282,0.2964725991816906,0.0,0.2504864155346685,0.14652370902054157,0.047663807482891486,1203.0722270461447,25788.064688171937
10.168350168350168,1002.3221370332155,1000.2138455429832,0.29764596507328495,0.0,0.2508248755521188,0.14617928678651593,0.04767302242901959,1202.813336286351,25806.082742809776
10.190796857463523,1002.9197217137092,1000.7991731712168,0.2988289259684207,0.0,0.25116610083480945,0.1458320585484804,0.04768234507562074,1202.5523355342743,25824.088298993265
10.213243546576878,1003.5213667505112,1001.3885292596917,0.30002150845994396,0.0,0.2515100987274701,0.14548201654803614,0.04769177533585273,1202.2892186834424,25842.081494541053
10.235690235690235,1004.1270850821031,1001.9819439978709,0.30122372911158163,0.0,0.25185687347090097,0.1451291561252349,0.047701313098310286,1202.023981791379,25860.06246708042
10.258136924803592,1004.7368841732548,1002.5794474146181,0.3024355914663294,0.0,0.25220642527207426,0.14477347664840862,0.047710958227244034,1201.7566237264523,25878.031353911872
10.280583613916948,1005.3507643156688,1003.1810693019336,0.30365708214443965,0.0,0.2525587490911212,0.1444149827271184,0.04772071056301705,1201.4871470115907,25895.988291832353
10.303030303030303,1005.9687164078825,1003.7868391160622,0.3048881657509574,0.0,0.2529138330581075,0.14405368579531838,0.047730569922874666,1201.2155589254264,25913.93341690433
10.325476992143658,1006.5907190547595,1004.3967858441457,0.3061287782287921,0.0,0.2532716564063875,0.14368960617794851,0.04774053610212687,1200.9418729395825,25931.86686415432
10.347923681257015,1007.2167347800684,1005.0109378158891,0.3073788181869079,0.0,0.2536321867762336,0.14332277578726102,0.04775060887587242,1200.6661105938267,25949.78876717935
10.37037037037037,1007.8467050872579,1005.6293224243025,0.30863813560081954,0.0,0.25399537670125844,0.14295324163636944,0.04776078800143183,1200.3883039394534,25967.699257633434
10.392817059483725,1008.4805440327078,1006.2519656925016,0.30990651712228273,0.0,0.2543611590402919,0.14258107040736545,0.04777107322170315,1200.1084987159118,25985.5984645579
10.415263748597082,1009.1181298932901,1006.8788915765011,0.31118366704909206,0.0,0.254729441059533,0.14220635436919776,0.04778146426971073,1199.826758465924,26003.486513509273
10.437710437710438,1009.7592944205709,1007.5101208134247,0.3124691828051187,0.0,0.2551000968073543,0.14182921900295983,0.04779196087468114,1199.5431698377638,26021.363525425597
10.460157126823793,1010.4038090889635,1008.1456689893357,0.31376252359223966,0.0,0.255472957365522,0.14144983275086326,0.047802562770047574,1199.25784936413,26039.229615157376
10.482603815937148,1011.0513676883705,1008.7855432794689,0.31506297075522866,0.0,0.2558477985231177,0.14106841934268216,0.04781326970384284,1198.9709520331628,26057.084889572223
10.505050505050505,1011.7015646270747,1009.4297369632869,0.3163695784500788,0.0,0.2562243254348544,0.14068527313809398,0.04782408145197057,1198.6826819564933,26074.929445125057
10.527497194163862,1012.3538684713508,1010.0782202888767,0.31768111359747836,0.0,0.25660215394725805,0.1403007778016441,0.04783499783480647,1198.3933053546987,26092.763364770704
10.549943883277217,1013.0075906674497,1010.7309255221732,0.318995985101165,0.0,0.25698078858673884,0.13991542831663017,0.047846018737418276,1198.1031658648174,26110.586714088706
10.572390572390573,1013.661850223379,1011.3877231009756,0.32031216427953285,0.0,0.2573595978161255,0.13952985573183835,0.04785714413332227,1197.8127017490506,26128.399536500547
10.594837261503928,1014.3155365454999,1012.0483849295555,0.3216271018120171,0.0,0.25773778820951593,0.13914485299203352,0.047868374111018984,1197.5224638588986,26146.201847500473
10.617283950617285,1014.9672747472052,1012.7125305396585,0.32293765153352094,0.0,0.2581143807607796,0.1387613986379321,0.04787970890149521,1197.2331321211882,26163.993627911383
10.63973063973064,1015.6154004827092,1013.3795531404846,0.32424001792559015,0.0,0.25848819456802274,0.13838067313469737,0.047891148903460495,1196.9455269037971,26181.774816334546
10.662177328843995,1016.257954167787,1014.0485269413352,0.32552975088194475,0.0,0.2588578452295115,0.13800406049493918,0.04790269470153197,1196.6606101639277,26199.545301197137
10.684624017957352,1016.89270611519,1014.7181057616033,0.3268018153315484,0.0,0.25922176653212947,0.13763312661630245,0.04791434707144041,1196.3794704153509,26217.304913099717
10.707070707070708,1017.5172227987784,1015.3864352028446,0.3280507600293218,0.0,0.25957826299417186,0.13726956677195526,0.047926106966462115,1196.1032862578954,26235.053418470623
10.729517396184065,1018.1289784223981,1016.051112101706,0.3292709947707894,0.0,0.25992559613964783,0.13691511937497394,0.04793797548154389,1195.8332664660197,26252.79051573622
10.751964085297418,1018.7255050240569,1016.7092272152389,0.3304571577165649,0.0,0.26026209880279116,0.13657145171354343,0.04794995379619464,1195.5705705929124,26270.515835177812
10.774410774410775,1019.3045976113293,1017.357423285609,0.3316045213867552,2.16127577588527e-06,0.26058630700875746,0.136240015274919,0.0479620441192726,1195.3161804988601,26288.228943456135
10.796857463524132,1019.8644686704304,1017.9922595400719,0.3327093621087716,8.801044731527748e-06,0.26089706982766586,0.13592194782200856,0.04797424865944802,1195.0708582578006,26305.929353523446
10.819304152637486,1020.4038078304632,1018.6105812862772,0.33376921797401266,1.986759545262896e-05,0.26119362308778654,0.13561801466502774,0.04798656838704991,1194.8351379311214,26323.616537465703
10.841750841750843,1020.9218616409729,1019.2096712416464,0.3347829872540328,3.526300760064778e-05,0.261475625903796,0.1353285583239318,0.047999004092409925,1194.6092605171073,26341.28994137825
10.864197530864198,1021.4184285948761,1019.7874452320779,0.3357508643083485,5.4868906773069816e-05,0.26174314077226046,0.13505351824546627,0.048011556379615405,1194.393187295164,26358.949000946737
10.886644219977553,1021.8938017169567,1020.3425460579936,0.3366741495837127,7.85519754126771e-05,0.2619965744327201,0.1347924898634084,0.048024225673891446,1194.186640767976,26376.59315601517
10.909090909090908,1022.3486786336789,1020.8743384659556,0.3375549904822904,0.0001061696558793528,0.26223659721326786,0.13454480516887918,0.04803701224628043,1193.9891605452472,26394.221862974748
10.931537598204264,1022.78405943719,1021.3828310918512,0.3383961084103579,0.00013757543393771963,0.26246405807060647,0.1343096175905789,0.048049916247961844,1193.8001622253323,26411.834604383184
10.953984287317619,1023.2011481449932,1021.8685581916344,0.3392005519388936,0.00017262332140558564,0.26267990775081074,0.13408597876520598,0.04806293774743095,1193.618990650835,26429.43089573288
10.976430976430976,1023.6012672671552,1022.3324496772913,0.3399714969829627,0.00021117138141679842,0.26288513657874546,0.13387290069311614,0.0480760767656989,1193.4449630220065,26447.0102896349
10.998877665544333,1023.9857894045474,1022.7757088085654,0.3407120992634903,0.0002530843070099142,0.26308072851689424,0.13366940163877258,0.048089333306732256,1193.2774007298633,26464.572377863595
11.021324354657688,1024.3560859582735,1023.1997077497937,0.34142539455593557,0.000298235162133816,0.26326763009726906,0.13347453717095725,0.04810270738199801,1193.1156508784538,26482.116791753
11.043771043771043,1024.7134909346394,1023.6059043800311,0.34211423779120625,0.0003465064357453674,0.26344673144790537,0.13328741911910028,0.0481161990290777,1192.9590994243906,26499.64320140174
11.066217732884398,1025.0592770247392,1023.9957796027908,0.34278127122082747,0.00039779056384929193,0.26361885636901927,0.13310722548835305,0.048129808324926936,1192.8071780460896,26517.15131407025
11.088664421997755,1025.3946411079773,1024.3707923875972,0.34342891290244354,0.00045199005844177777,0.2637847587380348,0.13293320405207681,0.04814353539462176,1192.6593666297651,26534.640872072312
11.11111111111111,1025.7206966766123,1024.732349138744,0.34405935851808006,0.0005090173584827105,0.26394512306870666,0.13276467179473458,0.048157380416483236,1192.5151928800485,26552.111650386523
11.133557800224466,1026.038471153027,1025.081784103439,0.34467459133711276,0.000568794493334268,0.26410056760923417,0.1326010118188645,0.048171343624406365,1192.374230174622,26569.56345414946
11.156004489337823,1026.348906539312,1025.420347983673,0.34527639667866056,0.0006312526270282874,0.264251648844223,0.13244166885018857,0.04818542530810388,1192.2360944492452,26586.99611614231
11.178451178451178,1026.652862242006,1025.74920246181,0.34586637842929235,0.0006963315335011276,0.26439886663912365,0.13228614410141773,0.04819962581184789,1192.1004406402988,26604.409494344818
11.200897867564535,1026.9511192376385,1026.0694188680818,0.3464459760508942,0.0007639790386213771,0.2645426695393596,0.13213398998195694,0.04821394553217179,1191.9669590223014,26621.80346960307
11.223344556677889,1027.2443849914705,1026.381979659721,0.347016481128524,0.0008341504539654612,0.26468345992782377,0.13198480494941905,0.04822838491489037,1191.8353716451643,26639.177943437964
11.245791245791246,1027.5332987246861,1026.687781735418,0.3475790529230962,0.0009068080192389682,0.26482159887367834,0.13183822866973186,0.04824294445170924,1191.7054289864325,26656.53283600779
11.268237934904603,1027.8184367577833,1026.987640881777,0.3481347326647306,0.00098192036437858,0.2649574105898239,0.13169393756828415,0.04825762467662519,1191.5769068753216,26673.86808422908
11.290684624017956,1028.1003177523066,1027.2822968536243,0.3486844564935575,0.0010594619981706228,0.26509118646969854,0.13155164080133397,0.04827242616226447,1191.449603708512,26691.18364005394
11.313131313131313,1028.3794077393504,1027.5724187413648,0.34922906705814943,0.0011394128272570884,0.26522318870631584,0.13141107664469928,0.04828734951626395,1191.3233379553872,26708.47946889816
11.335578002244668,1028.656124869194,1027.858610388736,0.3497693238406131,0.0012217577073383068,0.2653536535148377,0.13127200927840366,0.048302395377767635,1191.1979459377346,26725.75554821216
11.358024691358025,1028.9308438478286,1028.141415703524,0.35030591230760266,0.0013064860269735867,0.2654827939894355,0.13113422593651108,0.048317564414087265,1191.0732798624306,26743.011866185545
11.380471380471382,1029.2039000472382,1028.4213237602585,0.3508394519988182,0.001393591323440695,0.265610802629066,0.13099753438753028,0.04833285731755706,1190.949206082998,26760.24842057557
11.414141414141415,1029.611013619843,1028.836701387337,0.3516352572249523,0.0015287012259107458,0.26580106978501356,0.130794168239459,0.04835603049183996,1190.7639443176383,26786.066211248737
11.447811447811448,1030.0159329340768,1029.247831955769,0.3524271290587086,0.001669159469435515,0.265989698625675,0.13059235128956054,0.04837948646946663,1190.5793832833629,26811.839601860433
11.481481481481481,1030.419398713748,1029.6558108405227,0.3532165190196528,0.0018149867881934844,0.2661771390822456,0.13039163390031852,0.04840322782045726,1190.39520908351,26837.568676544026
11.515151515151516,1030.8220329387154,1030.0615621202235,0.35400468730507656,0.0019662174003843335,0.26636378132655153,0.13019162600666248,0.04842725717840154,1190.2111488466517,26863.253546022224
11.54882154882155,1031.2243565067708,1030.465863018275,0.3547927312044297,0.002122897343197872,0.26654996465459824,0.12999198825903516,0.04845157722650431,1190.026964628109,26888.894343009757
11.582491582491583,1031.6268044503063,1030.869365230205,0.35558160885609874,0.0022850830317198826,0.2667359849152977,0.1297924246176383,0.04847619068565269,1189.842448312419,26914.491218317482
11.616161616161616,1032.0297390150504,1031.2726134445177,0.35637215919331044,0.0024528400148247655,0.266922100748367,0.1295926761343059,0.048501100304290744,1189.6574173343924,26940.044337558214
11.649831649831649,1032.4334608797346,1031.676061367059,0.3571651187639084,0.002626241903683576,0.2671085388449906,0.12939251570881524,0.04852630884988848,1189.4717110713786,26965.55387836761
11.683501683501682,1032.8382187652282,1032.0800855445068,0.3579611359763068,0.002805369451115468,0.2672954984036171,0.12919174364762429,0.04855181910180121,1189.2851877879154,26991.020028065137
11.717171717171716,1033.2442176520876,1032.4849972597897,0.3587607832170097,0.0029903097624903374,0.267483154919966,0.12899018388627895,0.04857763384532974,1189.097722036994,27016.442981690492
11.75084175084175,1033.651625797971,1032.8910527461037,0.35956456719940516,0.003181155621181942,0.2676716634236254,0.12878768076339156,0.04860375586680855,1188.9092024406323,27041.822940359754
11.784511784511784,1034.0605807214963,1033.2984619395863,0.3603729378351559,0.0033780049136464293,0.2678611612523021,0.12858409625537687,0.04863018794956626,1188.719529787182,27067.16010989353
11.818181818181818,1034.4711942970118,1033.7073959652284,0.3611862958650091,0.0035809601410570335,0.26805177043778444,0.12837930759810037,0.04865693287062025,1188.5286153945221,27092.454699676036
11.851851851851853,1034.883557085317,1034.1179935269945,0.3620049994424152,0.003790128006071181,0.268243599764126,0.1281732052351214,0.04868399339798355,1188.336379697643,27117.706921709876
11.885521885521886,1035.297742008394,1034.5303663517357,0.36282936982868663,0.004005619064757256,0.26843674654773303,0.12796569104301136,0.04871137228847756,1188.1427510265737,27142.916989836554
11.919191919191919,1035.7138074614531,1034.9446038173585,0.3636596963307022,0.004227547434982342,0.2686312981803769,0.12775667679286992,0.04873907228595812,1187.947664546571,27168.085119096813
11.952861952861952,1036.1317999428131,1035.3607768787654,0.36449624058991303,0.004456030553678924,0.2688273334691961,0.12754608281409768,0.04876709611987541,1187.751061337259,27193.211525208877
11.986531986531986,1036.5517562710475,1035.7789413901785,0.3653392403134774,0.004691188976385723,0.26902492380214466,0.1273338368320775,0.04879544650409922,1187.552887591266,27218.29642414577
12.02020202020202,1036.9737054492698,1036.1991409093782,0.3661889125238383,0.004933146213311688,0.2692241341628011,0.12711987295594307,0.04882412613595152,1187.3530939160166,27243.34003179571
12.053872053872054,1037.3976702281384,1036.62140905796,0.36704545639124436,0.005182028596918653,0.26942502401475166,0.12690413079630147,0.04885313769539721,1187.1516347248667,27268.34256369195
12.087542087542086,1037.8236684120122,1037.0457715017383,0.3679090557040455,0.00543796517666991,0.26962764807273304,0.1266865546957949,0.048882483844351454,1186.948467705847,27293.30423480046
12.121212121212121,1038.2517139465017,1037.4722476067418,0.368779881023625,0.00570108763716135,0.26983205697522167,0.12646709305787454,0.04891216722606925,1186.7435533579865,27318.22525935561
12.154882154882156,1038.681817820311,1037.900851818677,0.3696580915642277,0.00597153023634926,0.2700382978710846,0.12624569776122316,0.048942190464588406,1186.5368545865974,27343.105850735552
12.188552188552189,1039.1139888096432,1038.3315948071631,0.3705438368324231,0.0062494297610232235,0.2702464149311779,0.1260223236489856,0.04897255616420247,1186.32833635009,27367.946221370203
12.222222222222221,1039.5482340894498,1038.7644844103265,0.37143725805631095,0.0065349254970518775,0.2704564497943221,0.12579692808341597,0.049003266908944396,1186.1179653518711,27392.746582675976
12.255892255892256,1039.9845597323383,1039.1995264103714,0.37233848943064635,0.00682815921226037,0.2706684419558535,0.12556947055777498,0.04903432526206545,1185.9057097717268,27417.507145012176
12.28956228956229,1040.422971112976,1039.6367251664444,0.3732476592007226,0.007129275150087643,0.27088242910590066,0.12533991235835737,0.049065733765497097,1185.691539031799,27442.228117654908
12.323232323232324,1040.8634732332441,1040.0760841273627,0.37416489060498215,0.0074384200324238954,0.27109844742363615,0.12510821627042285,0.049097494939286244,1185.4754235928783,27466.909708785024
12.356902356902356,1041.306070981164,1040.517606243545,0.37509030269385574,0.007755743070248349,0.271316531832977,0.12487434632257696,0.049129611280996396,1185.2573347772707,27491.552125487153
12.39057239057239,1041.7507693347013,1040.961294294672,0.3760240110401882,0.008081395980879083,0.27153671622453796,0.12463826756481684,0.04916208526506928,1185.0372446149415,27516.155573757373
12.424242424242422,1042.1975735198885,1041.4071511471805,0.37696612835474586,0.00841553301081367,0.2717590336480542,0.12439994587603839,0.04919491934214287,1184.8151257100521,27540.720258517602
12.457912457912457,1042.646489131285,1041.8551799536008,0.37791676501867133,0.008758310963284225,0.271983516478981,0.12415934779731064,0.04922811593832318,1184.5909511253406,27565.246383634993
12.491582491582491,1043.0975222215595,1042.3053843039324,0.3788760295433223,0.009109889229776348,0.27221019656252954,0.12391644038766862,0.049261677454408105,1184.3646942821138,27589.734151945013
12.525252525252524,1043.5506793659224,1042.7577683376965,0.37984402896667463,0.00947042982487096,0.272439105338004,0.12367119109956819,0.04929560626506245,1184.1363288738771,27614.18376527712
12.558922558922557,1044.0059677062377,1043.212336823965,0.38082086919436353,0.009840097423862167,0.2726702739459589,0.12342356767149161,0.049329904717944066,1183.9058287918751,27638.59542448218
12.59259259259259,1044.4633949788597,1043.6690952155095,0.38180665529245816,0.010219059402686128,0.2729037333203886,0.12317353803549755,0.049364575132781315,1183.6731680610167,27662.969329460873
12.626262626262625,1044.9229695295776,1044.1280496822253,0.3828014917382025,0.010607485879766398,0.2731395142678921,0.12292107023777787,0.049399619800402673,1183.4383207848466,27687.30567919259
12.65993265993266,1045.3847003184899,1044.589207128147,0.3838054826341909,0.011005549759441463,0.27337764753551635,0.12266613237052246,0.04943504098171955,1183.2012610983945,27711.604671764337
12.693602693602692,1045.8485969171415,1045.0525751956404,0.38481873189077265,0.011413426776692524,0.2736181638687699,0.12240869251360252,0.04947084090666361,1182.9619631278624,27735.8665043994
12.727272727272727,1046.3146694998525,1045.518162259749,0.385841343380881,0.011831295542933645,0.2738610940611137,0.12214871868476992,0.049507021773079946,1182.720400956258,27760.091373485433
12.760942760942761,1046.7829288308187,1045.9859774151482,0.38687342107095457,0.012259337592664035,0.2741064689960685,0.12188617879723392,0.04954358574557786,1182.47654859418,27784.279474601837
12.794612794612794,1047.2533862482703,1046.4560304577176,0.38791506913115337,0.012697737430815014,0.2743543196829352,0.12162104062362192,0.04958053495434061,1182.2303799550684,27808.431002546327
12.828282828282829,1047.7260536467295,1046.928331862366,0.38896639202765887,0.013146682580650723,0.2746046772869936,0.12135327176545915,0.04961787149389603,1181.9818688343203,27832.546151360573
12.861952861952863,1048.2009434582026,1047.4028927584352,0.39002749459948416,0.013606363632104308,0.2748575731549332,0.12108283962741538,0.04965559742184953,1181.7309888917466,27856.62511435489
12.895622895622896,1048.6780686329673,1047.8797249037405,0.39109848212190096,0.014076974290451148,0.27511303883616994,0.12080971139566553,0.049693714757581185,1181.4777136369216,27880.668084131965
12.929292929292929,1049.1574426204716,1048.3588406580807,0.39217946035830964,0.014558711425235694,0.2753711061006143,0.12053385401979924,0.0497322254809085,1181.2220164170253,27904.67525260962
12.962962962962962,1049.639079350744,1048.8402529568816,0.39327053560212843,0.015051775119381624,0.2756318069533792,0.12025523419779116,0.04977113153071655,1180.9638704068434,27928.646811042636
12.996632996632997,1050.1229932166154,1049.3239752854686,0.39437181471006555,0.01555636871842597,0.27589517364685023,0.11997381836361048,0.049810434803556895,1180.7032486006317,27952.582950043685
13.063973063973064,1051.0977121418607,1050.2984065766773,0.39660541490985446,0.016600975622290907,0.27643003485853945,0.11940246301594894,0.04989024038427844,1180.17446863678,28000.34972910906
13.097643097643097,1051.5885481555042,1050.7891450426025,0.39773795273288803,0.01714141237513107,0.2767015951965492,0.11911245496885145,0.04993074626056238,1179.9062555129915,28024.180747365415
13.131313131313131,1052.0817231875544,1051.28225250463,0.39888112790471913,0.01769422602747572,0.2769759530254899,0.11881951383108597,0.04997165649372182,1179.635456654185,28047.97710260903
13.164983164983166,1052.5772537186906,1051.7777448550255,0.40003505036926845,0.018259636977526122,0.2772531419454731,0.11852360460047323,0.050012972746637935,1179.362044079318,28071.73898252782
13.198653198653199,1053.07515661119,1052.2756384098625,0.4011998307075396,0.018837869181624806,0.27753319583792957,0.11822469197488936,0.05005469663087941,1179.0859896052368,28095.46657427704
13.232323232323232,1053.5754491001246,1052.7759498937628,0.40237558013544883,0.0194291502032024,0.27781614886689043,0.11792274035067353,0.05009682970512311,1178.8072648462187,28119.16006449541
13.265993265993266,1054.0781487858828,1053.2786964263173,0.40356241049879843,0.020033711261553927,0.2781020354794064,0.11761771382189977,0.050139373473554606,1178.525841214134,28142.8196393207
13.299663299663301,1054.5832736279763,1053.7838955101388,0.40476043426571395,0.020651787280414446,0.2783908904052008,0.11730957618041588,0.050182329384249595,1178.2416899191621,28166.44548440496
13.333333333333334,1055.0908419400807,1054.2915650204911,0.40596976451680944,0.021283616936303137,0.27868274865563797,0.11699829091656855,0.05022569882753756,1177.9547819710017,28190.03778492934
13.367003367003367,1055.6008723862512,1054.8017231964257,0.40719051493330227,0.021929442706603436,0.2789776455220719,0.11668382122054807,0.0502694831343487,1177.6650881805306,28213.59672561861
13.4006734006734,1056.1133839782588,1055.3143886333507,0.40842279978325924,0.022589510917345144,0.27927561657363276,0.11636612998429792,0.050313683574545465,1177.372579161874,28237.122490755413
13.434343434343432,1056.628396073985,1055.8295802769592,0.4096667339061238,0.02326407179065295,0.27957669765449344,0.11604517980394426,0.05035830135523965,1177.0772253348512,28260.615264194283
13.468013468013467,1057.1459283768177,1056.347317418434,0.4109224326956464,0.023953379491823298,0.27988092488065297,0.11572093298270984,0.05040333761909642,1176.7789969277728,28284.075229375452
13.501683501683502,1057.6660009359905,1056.8676196908573,0.41219001208131467,0.024657692175989017,0.2801883346362656,0.11539335153428354,0.05044879344262628,1176.4778639805697,28307.502569338518
13.535353535353535,1058.1886341478096,1057.3905070667488,0.4134695885083625,0.025377272034329136,0.28049896356953735,0.11506239718662328,0.050494669834466155,1176.1737963482374,28330.897466735983
13.569023569023567,1058.7138487577147,1057.9159998566554,0.4147612789164181,0.026112385339777982,0.28081284858820765,0.11472803138617542,0.05054096773365086,1175.8667637045812,28354.260103846715
13.6026936026936,1059.2416658631241,1058.4441187087302,0.416065200716837,0.02686330249218479,0.2811300268546277,0.11439021530249828,0.050587688007876004,1175.5567355462572,28377.590662589326
13.636363636363635,1059.7721069170182,1058.9748846092311,0.41738147176875584,0.027630298062872625,0.28145053578044515,0.11404890983328082,0.050634831451753584,1175.2436811970972,28400.889324535536
13.67003367003367,1060.305193732214,1059.5083188838803,0.41871021035388967,0.02841365083854155,0.2817744130209011,0.11370407560975114,0.050682398785061415,1174.9275698127176,28424.156270923497
13.703703703703702,1060.840948486295,1060.0444432000256,0.42005153515009047,0.029213643864458468,0.28210169646874106,0.11335567300247175,0.05073039065098772,1174.6083703854067,28447.391682671187
13.737373737373737,1061.379393727151,1060.5832795695535,0.42140556520367517,0.0300305644868723,0.2824324242477424,0.11300366212752093,0.05077880761437198,1174.286051749292,28470.595740389774
13.771043771043772,1061.9205523791018,1061.1248503525026,0.42277241990052566,0.030864704394589455,0.2827666347058563,0.11264800285306152,0.050827650159943324,1173.960582585785,28493.768624397097
13.804713804713804,1062.4644477495665,1061.669178261334,0.4241522189359614,0.03171635965964217,0.2831043664079624,0.11228865480629949,0.05087691869055784,1173.6319314293075,28516.91051473117
13.83838383838384,1063.0111035362506,1062.2162863658195,0.42554508228337784,0.0325858307769777,0.2834456581282319,0.11192557738083618,0.050926613525435906,1173.3000666732999,28540.021591163826
13.872053872053874,1063.560543834826,1062.7661980985058,0.4269511301616425,0.03347342270309274,0.28379054884209526,0.11155872974441965,0.050976734898400974,1172.9649565765167,28563.10203321443
13.905723905723907,1064.1127931470764,1063.3189372607244,0.4283704830012385,0.034379444893534575,0.2841390777178081,0.11118807084710021,0.05102728295612111,1172.6265692696104,28586.152020163743
13.93939393939394,1064.6678763894897,1063.8745280291166,0.4298032614091421,0.03530421133918599,0.28449128410761026,0.110813559429797,0.051078257756354634,1172.2848727620094,28609.17173106793
13.973063973063972,1065.2258189022712,1064.4329949626408,0.4312495861324201,0.03624804060124679,0.2848472075384706,0.11043515403328251,0.05112965926620115,1171.939834949095,28632.161344772674
14.006734006734007,1065.7866464587646,1064.9943630100438,0.43270957802053134,0.03721125584482188,0.2852068877024106,0.11005281300759248,0.05118148736035952,1171.5914236196809,28655.121039927522
14.040404040404042,1066.3503852752601,1065.5586575177651,0.4341833579863159,0.038194184871020526,0.2855703644464001,0.10966649452186877,0.05123374181939394,1171.2396064638026,28678.05099500035
14.074074074074074,1066.9170620211744,1066.1259042382603,0.4356710469656554,0.039197160147468754,0.28593767776181706,0.10927615657464326,0.05128642232800986,1170.8843510808194,28700.951388292036
14.107744107744107,1067.486703829587,1066.696129338719,0.4371727658757867,0.04022051883713129,0.2863088677734633,0.10888175700457103,0.05133952847334086,1170.5256249878366,28723.82239795136
14.141414141414142,1068.0593383081225,1067.2693594101634,0.43868863557225113,0.041264602825335756,0.2866839747281301,0.10848325350162091,0.05139305974324817,1170.1633956284538,28746.66420199005
14.175084175084177,1068.6349935501596,1067.8456214769087,0.4402187768044623,0.04232975874488749,0.28706303898270324,0.10808060361873194,0.05144701552463421,1169.7976303818434,28769.476978298095
14.20875420875421,1069.21369814636,1068.4249430063733,0.4417633101698748,0.04341633799915923,0.2874461009918026,0.10767376478394385,0.05150139510177164,1169.4282965721661,28792.260904659266
14.242424242424242,1069.7954811965037,1069.0073519192217,0.4433223560667371,0.04452469678303462,0.2878332012949463,0.10726269431300998,0.05155619765464949,1169.0553614783294,28815.016158766866
14.276094276094275,1070.380372321617,1069.5928765998315,0.4448960346454109,0.04565519610158005,0.2882243805032326,0.10684734942250115,0.05161142225733778,1168.6787923440957,28837.74291823973
14.309764309764308,1070.9684016763838,1070.181545907067,0.44648446575824213,0.046808201786315354,0.2886196792855328,0.10642768724340819,0.0516670678763722,1168.2985563885427,28860.441360638473
14.343434343434343,1071.5595999618313,1070.773389185354,0.44808776890796675,0.0479840845089482,0.28901913835418586,0.10600366483525163,0.051723133369160436,1167.9146208168868,28883.11166348197
14.377104377104377,1072.1539984382725,1071.3684362760384,0.44970606319463696,0.049183219792432384,0.28942279845018964,0.10557523920070623,0.05177961748241155,1167.526952831671,28905.754004264134
14.41077441077441,1072.7516289385019,1071.9667175290233,0.4513394672610534,0.05040598801920585,0.28983070032788033,0.10514236730074822,0.05183651885059008,1167.1355196443246,28928.36856047093
14.444444444444443,1073.352523881226,1072.5682638146689,0.4529880992366902,0.05165277443645841,0.2902428847390935,0.10470500607033262,0.05189383599439635,1166.7402884871017,28950.955509597698
14.478114478114477,1073.9567162847222,1073.1731065359484,0.4546520766801001,0.052923969158274096,0.2906593924168011,0.10426311243460822,0.05195156731927447,1166.341226625401,28973.5150291667
14.511784511784512,1074.5642397807103,1073.7812776408475,0.45633151651978765,0.05421996716448831,0.2910802640582171,0.10381664332567732,0.0520097111139497,1165.9383013704758,28996.047296744997
14.545454545454545,1075.1751286284239,1074.3928096349953,0.45802653499354057,0.0555411682960947,0.29150554030736603,0.10336555569990684,0.05206826554899655,1165.5314800925355,29018.552489962593
14.579124579124578,1075.789417728873,1075.007735594518,0.45973724758621015,0.05688797724703078,0.2919352617371097,0.1029098065557975,0.052127228675439334,1165.1207302342486,29041.03078653086
14.61279461279461,1076.4071426392754,1075.6260891791,0.46146376896593055,0.058260803552165855,0.2923694688306255,0.10244935295241747,0.05218659842338643,1164.7060193246484,29063.482364261297
14.646464646464645,1077.0283395876506,1076.2479046452463,0.4632062129187722,0.059660061571310284,0.2928082019623316,0.10198415202840627,0.052246372600700045,1164.2873149934464,29085.90740108452
14.68013468013468,1077.653045487555,1076.8732168597242,0.4649646922818209,0.06108617046905813,0.29325150137825573,0.10151416102155462,0.05230654889170268,1163.864584985762,29108.306075069613
14.713804713804713,1078.2812979529426,1077.5020613131808,0.46673931887468084,0.06253955419027123,0.2936994071758413,0.1010393372889655,0.052367124855922015,1163.4377971772676,29130.67856444373
14.747474747474747,1078.9131353131388,1078.1344741339155,0.4685302034293956,0.06402064143100591,0.2941519592831891,0.10055963832780097,0.052428097926875465,1163.0069195897588,29153.02504761205
14.781144781144782,1079.548596627898,1078.7704921017942,0.4703374555187872,0.06552986560467755,0.2946091974377295,0.10007502179661999,0.0524894654108959,1162.5719204071486,29175.345703177976
14.814814814814815,1080.1877217025371,1079.4101526622892,0.4721611834832117,0.06706766480325427,0.29507116116432386,0.0995854455373104,0.05255122448599993,1162.132767991894,29197.64070996369
14.84848484848485,1080.8305511031176,1080.0534939406307,0.47400149435573413,0.06863448175326387,0.29553788975279144,0.0990908675976191,0.05261337220080009,1161.6894309018576,29219.91024703098
14.882154882154884,1081.4771261716512,1080.7005547560457,0.4758584937857233,0.0702307637663917,0.29600942223486115,0.0985912462542839,0.05267590547346223,1161.2418779076038,29242.15449370236
14.915824915824917,1082.127489041315,1081.351374636072,0.4777322859608733,0.07185696268444398,0.2964857973605455,0.0980865400367689,0.05273882109070941,1160.7900780101404,29264.373629582526
14.94949494949495,1082.7816826516407,1082.005993830923,0.4796229735276564,0.07351353481844293,0.29696705357393716,0.09757670775160616,0.052802115706873556,1160.3340004591014,29286.567834580066
14.983164983164983,1083.43975076366,1082.6644533278813,0.481530657510216,0.07520094088161497,0.29745322898842697,0.09706170850734544,0.05286578584299605,1159.8736147713776,29308.7372889295
15.016835016835017,1084.1017379749708,1083.3267948657021,0.4834554372277088,0.07691964591602876,0.29794436136134456,0.09654150174011243,0.05292982788597841,1159.4088907501962,29330.88217321358
15.050505050505052,1084.7676897347033,1083.9930609489977,0.4853974102101079,0.07867011921263244,0.2984404880680213,0.09601604723977676,0.05299423808778412,1158.9397985046535,29353.00266838589
15.084175084175085,1085.4376523583455,1084.6632948625806,0.48735667211248174,0.08045283422443579,0.2989416460752787,0.09548530517672925,0.05305901256469275,1158.4663084696977,29375.09895579372
15.117845117845118,1086.1116730424033,1085.3375406857351,0.48933331662776186,0.08226826847257639,0.2994478719143431,0.09494923612926798,0.05312414729660728,1157.9883914265704,29397.171217201234
15.15151515151515,1086.7897998788558,1086.0158433063925,0.4913274353980191,0.08411690344500337,0.2999592016531904,0.09440780111159205,0.0531896381264155,1157.5060185237019,29419.21963481285
15.185185185185183,1087.472081869372,1086.6982484351747,0.4933391179242663,0.08599922448750853,0.3004756708683238,0.09386096160240093,0.053255480759406476,1157.0191612980634,29441.244391296932
15.218855218855218,1088.1585689392498,1087.3848026192777,0.4953684514748103,0.08791572068682857,0.3009973146159889,0.09330867957409701,0.05332167076274276,1156.5277916969796,29463.24566980971
15.252525252525253,1088.8493119510372,1088.0755532561595,0.49741552099217523,0.08986688474553742,0.30152416740283156,0.09275091752258827,0.05338820356498915,1156.0318821003955,29485.22365401941
15.286195286195285,1089.5443627177942,1088.770548606997,0.4994804089986253,0.09185321284844387,0.3020562631560033,0.09218763849768692,0.05345507445569855,1155.5314053436032,29507.17852813066
15.319865319865318,1090.2437740159512,1089.469837809873,0.501563195500313,0.09387520452020505,0.3025936351927217,0.09161880613409971,0.053522278585055615,1155.0263347404255,29529.11047690906
15.353535353535353,1090.947599597719,1090.1734708926579,0.503663957890084,0.09593336247386103,0.30313631618929154,0.09104438468300456,0.05358981096357861,1154.5166441068545,29551.019685705993
15.387205387205388,1091.6558942030003,1090.8814987855365,0.5057827708489702,0.09802819244999428,0.3036843381495963,0.09046433904420753,0.053657666461879826,1154.0023077851479,29572.906340483572
15.42087542087542,1092.3687135707542,1091.5939733331475,0.5079197062464073,0.10016020304621331,0.30423773237306706,0.0898786347988734,0.05372583981048507,1153.483300668374,29594.770627839807
15.454545454545453,1093.0861144497626,1092.3109473062796,0.5100748330392129,0.1023299055366569,0.3047965294221397,0.08928723824282206,0.05379432559971226,1152.9595982254125,29616.61273503387
15.488215488215488,1093.8081546087415,1093.0324744130824,0.5122482171693639,0.10453781368121194,0.3053607590892097,0.08869011642038316,0.05386311827960942,1152.431176526399,29638.432850011533
15.521885521885523,1094.5348928457418,1093.7586093097416,0.5144399214606155,0.10678444352413761,0.3059304503630956,0.08808723715879938,0.053932212159951975,1151.898012268619,29660.231161430693
15.555555555555555,1095.2663889967832,1094.4894076105647,0.516650005514006,0.10907031318178628,0.3065056313950241,0.08747856910316856,0.05400160141029956,1151.360082802841,29682.007858686982
15.589225589225588,1096.0027039436563,1095.2249258974246,0.5188785256022932,0.11139594261911054,0.3070863294641486,0.08686408175191442,0.05407128006011196,1150.8173661600874,29703.76313193947
15.622895622895621,1096.7438996208332,1095.965221728504,0.52112553456337,0.11376185341464431,0.3076725709426146,0.08624374549277407,0.05414124199892407,1150.269841078841,29725.497172136365
15.656565656565656,1097.49003902142,1096.7103536462819,0.5233910816927126,0.1161685685136492,0.3082643812601869,0.08561753163929049,0.0542114809765795,1149.7174870326776,29747.210171040766
15.69023569023569,1098.241186202084,1097.4603811847014,0.525675212634911,0.11861661196911479,0.30886178486845445,0.08498541246779655,0.054281990603522505,1149.1602842583225,29768.90232125637
15.723905723905723,1098.9974062868853,1098.2153648754563,0.5279779692743406,0.12110650867030681,0.3094648052046267,0.08434736125487681,0.05435276435114756,1148.598213784124,29790.573816253163
15.757575757575758,1099.7587654699432,1098.9753662533294,0.5302993896250306,0.12363878405855784,0.31007346465494173,0.08370335231529254,0.054423795552206035,1148.031257458939,29812.224850393017
15.791245791245792,1100.5253310168603,1099.7404478605156,0.532639507719789,0.1262139638299973,0.3106877845177004,0.08305336104035432,0.05449507740126925,1147.459397981419,29833.855618955167
15.824915824915825,1101.297171264831,1100.5106732498607,0.5349983534986477,0.12883257362492698,0.311307784965948,0.08239736393672592,0.054566602955246984,1146.8826189296958,29855.466318161576
15.858585858585858,1102.0743556213542,1101.2861069869423,0.5373759526966915,0.13149513870354898,0.31193348500982154,0.08173533866564191,0.054638365133960635,1146.3009047914527,29877.057145202085
15.892255892255891,1102.8569545614741,1102.066814650918,0.5397723267313366,0.13420218360776162,0.31256490245858287,0.08106726408252152,0.054710356720769834,1145.7142409943776,29898.628298259373
15.925925925925924,1103.6450396234604,1102.8528628340666,0.5421874925891282,0.1369542318087474,0.3132020538823598,0.08039312027695944,0.054782570363251515,1145.1226139369837,29920.17997653361
15.959595959595958,1104.4386834028503,1103.6443191399396,0.5446214627121286,0.13975180534008555,0.31384495457361594,0.07971288861307378,0.05485499857393008,1144.526011019793,29941.712380266876
15.993265993265993,1105.237959544764,1104.4412521800461,0.547074244883965,0.14259542441613077,0.3144936185083735,0.07902655177019094,0.054927633731057336,1143.9244206768694,29963.225710767147
16.026936026936028,1106.042942734405,1105.243731568986,0.5495458421156172,0.14548560703541566,0.3151480583072112,0.07833409378384555,0.05500046807944088,1143.3178324076898,29984.72017043196
16.060606060606062,1106.8537086856602,1106.0518279179462,0.5520362525310158,0.14842286856884207,0.31580828519606347,0.0776355000870735,0.055073493731319166,1142.7062368093443,30006.19596277159
16.094276094276093,1107.6703341277046,1106.8656128264734,0.5545454692525342,0.15140772133244584,0.3164743089668444,0.07693075755197482,0.0551467026672818,1142.0896256090516,30027.653292431747
16.127946127946128,1108.4928967895214,1107.6851588724371,0.5570734802864516,0.15444067414453563,0.3171461379379246,0.07621985453152211,0.05522008673723329,1141.467991696976,30049.09236521572
16.161616161616163,1109.3214753822458,1108.5105396000893,0.5596202684084685,0.15752223186701847,0.3178237789144853,0.07550278090159088,0.055293637661398304,1140.8413291593347,30070.513388105926
16.195286195286197,1110.1561495792344,1109.3418295061288,0.5621858110493597,0.1606528949307563,0.31850723714878015,0.07477952810318443,0.0553673470313667,1140.2096333117784,30091.91656928478
16.228956228956232,1110.9969999937682,1110.1791040236824,0.564770080180851,0.1638331588448074,0.3191965163003311,0.07405008918482818,0.05544120631117623,1139.572900733033,30113.302118154872
16.262626262626263,1111.8441081542928,1111.0224395041007,0.567373042201801,0.16706351368943717,0.31989161839608815,0.07331445884510569,0.05551520683843082,1138.9311292987861,30134.670245358353
16.296296296296294,1112.6975564771003,1111.871913196479,0.5699946578247819,0.17034444359280826,0.320592543790584,0.0725726334753079,0.05558933982545236,1138.2843182157992,30156.02116279546
16.32996632996633,1113.557428236352,1112.7276032248026,0.572634881963143,0.17367642619128232,0.32129929112611205,0.07182461120216722,0.05566359636046361,1137.6324680562336,30177.355083642167
16.363636363636363,1114.4238075313515,1113.5895885626223,0.5752936636186506,0.17705993207330126,0.32201185729296156,0.07107039193064664,0.055737967408800104,1136.9755807921679,30198.67222236682
16.397306397306394,1115.296779250966,1114.457949005159,0.5779709457697944,0.18049542420684614,0.32273023738974044,0.0703099773867525,0.05581244381414853,1136.3136598302908,30219.972794745747
16.43097643097643,1116.1764290351025,1115.332765138742,0.5806666652608535,0.1839833573505045,0.3234544246838198,0.06954337116034012,0.05588701629980924,1135.646710046749,30241.257017877775
16.464646464646464,1117.0628432331412,1116.2141183074793,0.5833807526918128,0.18752417744820946,0.32418441057193254,0.06877057874788049,0.055961675469980356,1134.9747378221302,30262.52511019749
16.4983164983165,1117.9561088592313,1117.1020905770638,0.5861131323092276,0.19111832100776338,0.32492018454096144,0.06799160759515377,0.05603641181106091,1134.2977510765616,30283.777291487295
16.531986531986533,1118.8563135443555,1117.9967646956172,0.5888637218981282,0.19476621446328707,0.32566173412895105,0.06720646713983656,0.05611121569297051,1133.6157593048981,30305.01378288808
16.565656565656564,1119.7635454850706,1118.8982240514713,0.591632432675061,0.1984682735217852,0.3264090448863792,0.0664151688539482,0.056186077370482826,1132.9287736119838,30326.23480690851
16.5993265993266,1120.6778933888315,1119.8065526277933,0.5944191691823636,0.20222490249406436,0.3271621003377248,0.0656177262861197,0.056260986984570216,1132.2368067479579,30347.44058743276
16.632996632996633,1121.599446415811,1120.721834953957,0.5972238291837654,0.20603649361027893,0.3279208819433679,0.06481415510365059,0.056335934563756886,1131.5398731435819,30368.6313497267
16.666666666666668,1122.5282941171267,1121.6441560535682,0.6000463035614172,0.20990342632044393,0.3286853690618609,0.0640044731343146,0.05641091002547776,1130.8379889455664,30389.80732044239
16.700336700336702,1123.4645263693913,1122.573601389046,0.602886476214442,0.21382606658029085,0.32945553891260904,0.06318870040787739,0.0564859031774404,1130.1311720518663,30410.968727620817
16.734006734006734,1124.408233305503,1123.510256802678,0.6057442239591051,0.21780476612290448,0.33023136653899793,0.06236685919728705,0.05656090371898716,1129.4194421469197,30432.1158006928
16.767676767676768,1125.3595052415997,1124.4542084540544,0.6086194164307029,0.22183986171663428,0.3310128247720099,0.06153897405949733,0.056635901242454906,1128.7028207368019,30453.24877047796
16.801346801346803,1126.3184326000955,1125.4055427537965,0.6115119159872636,0.22593167440982287,0.3317998841943674,0.06070507187588405,0.05671088523452939,1127.9813311842688,30474.367869181628
16.835016835016834,1127.2851058287347,1126.3643462934979,0.6144215776151609,0.23008050876296676,0.3325925131052462,0.059865181892211905,0.05678584507759172,1127.2549987436528,30495.473330389686
16.86868686868687,1128.259615315588,1127.330705771801,0.617348248836738,0.234286652068975,0.3333906774855991,0.05901933575810992,0.05686077005105402,1126.5238505955872,30516.56538906118
16.902356902356903,1129.2420512999317,1128.3047079165246,0.6202917696200323,0.23855037356225106,0.33419434096413253,0.058167567566013254,0.05693564933268166,1125.7879158815235,30537.64428151862
16.936026936026934,1130.2325037789465,1129.2864394027831,0.6232519722907066,0.2428719236173999,0.33500346478398013,0.057309913889525686,0.057010471999899295,1125.04722573801,30558.710245435894
16.96969696969697,1131.231062410182,1130.2759867670145,0.626228681446277,0.24725153293841393,0.335818007770116,0.05644641382115867,0.057085227031078135,1124.301813330697,30579.763519823697
17.003367003367003,1132.2378164097345,1131.2734363168654,0.6292217138727322,0.25168941173925546,0.33663792629755246,0.05557710900940178,0.057159903306801645,1123.5517138880366,30600.804345012355
17.037037037037038,1133.2528544460965,1132.2788740368676,0.6322308784636457,0.25618574891683266,0.33746317426036826,0.05470204369507632,0.05723448961110724,1122.7969647346356,30621.83296263198
17.070707070707073,1134.2762645296293,1133.2923854898527,0.6352559761418693,0.26074071121741454,0.33829370304161216,0.05382126474692554,0.057308974632701404,1122.037605324234,30642.849615589836
17.104377104377104,1135.3081338976315,1134.3140557140557,0.6382967997839056,0.2653544423976053,0.3391294614841295,0.052934821696392687,0.05738334696614562,1121.2736772722606,30663.854548044834
17.13804713804714,1136.3485488949673,1135.3439691158658,0.6413531341470531,0.27002706238106366,0.3399703958623592,0.0520427667715367,0.057457595113010775,1120.505224387938,30684.848005379063
17.171717171717173,1137.3975948502311,1136.3822093581816,0.6444247557994126,0.2747586664122056,0.3408164498551484,0.051145154930036844,0.05753170748299765,1119.7322927058904,30705.830234166213
17.205387205387208,1138.4553559474302,1137.4288592443397,0.6475114330528553,0.2795493242082096,0.34166756451963587,0.05024204389123289,0.05760567239502105,1118.9549305172166,30726.801482136892
17.239057239057242,1139.5219150931673,1138.4840005975918,0.6506129258990353,0.28439907911068607,0.3425236782662521,0.049333494167150195,0.05767947807825551,1118.1731883999885,30747.76199814062
17.272727272727273,1140.5973537793184,1139.5477141361034,0.6537289859485438,0.28930794723844167,0.3433847268348879,0.04841956909245606,0.057753112673140226,1117.387119249132,30768.71203210451
17.306397306397304,1141.6817519411973,1140.6200793434632,0.6568593563732926,0.2942759166428248,0.3442506432722832,0.04750033485329313,0.057826564232341136,1116.5967783056492,30789.65183498848
17.34006734006734,1142.7751878112101,1141.701174334688,0.6600037718522157,0.2993029464671839,0.34512135791068754,0.046575860514935834,0.057899820721668216,1115.802223185138,30810.581658736908
17.373737373737374,1143.877737768004,1142.7910757177233,0.6631619585203778,0.30438896611202815,0.34599679834784547,0.04564621804821375,0.057972870020945776,1115.0035139055683,30831.50175622667
17.407407407407405,1144.9894761811202,1143.8898584504368,0.6663336339215797,0.3095338744075236,0.34687688942836226,0.044711482354645206,0.0580456999248342,1114.2007129142676,30852.412381211427
17.44107744107744,1146.1104752511637,1144.9975956931116,0.669518506964546,0.3147375387949973,0.3477615532265033,0.0437717312902241,0.058118298143601116,1113.3938851140745,30873.313788262098
17.474747474747474,1147.2408048455104,1146.1143586564503,0.6727162778827783,0.3199997945191504,0.3486507090304826,0.04282704568780317,0.05819065230384021,1112.5830978886158,30894.206232703433
17.50841750841751,1148.380532329567,1147.2402164451066,0.6759266381981662,0.32532044383273284,0.34954427332829796,0.04187750937801326,0.05826274994913631,1111.7684211266624,30915.08997054655
17.542087542087543,1149.5297223936122,1148.3752358967613,0.6791492706884334,0.3306992552154329,0.35044215979516896,0.040923209208661056,0.05833457854067495,1110.9499272455173,30935.96525841742
17.575757575757574,1150.6884368752426,1149.5194814167705,0.6823838493585074,0.3361359626087682,0.35134427928263523,0.039964235062545116,0.058406125457795034,1110.127691213397,30956.832353481164
17.60942760942761,1151.8567345774477,1150.6730148084098,0.6856300394158943,0.34163026466877544,0.35225053980937465,0.0390006798736297,0.058477377998483286,1109.3017905707543,30977.691513362097
17.643097643097644,1153.0346710823492,1151.8358950987463,0.6888874972501378,0.3471818240382886,0.35316084655379826,0.03803263964151769,0.05854832337980904,1108.4723054505066,30998.5429960594
17.67676767676768,1154.2222985606254,1153.0081783601706,0.6921558704164487,0.3527902666406141,0.35407510184848284,0.03706021344415989,0.05861894873829828,1107.6393185971203,31019.387059858425
17.710437710437713,1155.4196655766564,1154.1899175276235,0.6954347976235805,0.35845518099637846,0.3549932051765007,0.03608350344874172,0.05868924113024586,1106.8029153845123,31040.22396323744
17.744107744107744,1156.626816889412,1155.3811622115481,0.6987239087260319,0.36417611756532065,0.3559150531697049,0.0351026149206863,0.058759187531964685,1105.9631838327232,31061.05396476984
17.77777777777778,1157.8437932491152,1156.5819585066117,0.7020228247206545,0.36995258811476944,0.35684053960903267,0.03411765623071296,0.05882877483997121,1105.1202146233238,31081.87732302166
17.811447811447813,1159.070631189696,1157.7923487962219,0.7053311577477407,0.37578406511650453,0.35776955542688327,0.033128738859892856,0.058897989871106095,1104.274101113515,31102.694296444384
17.845117845117844,1160.3073628170714,1159.0123715528773,0.7086485110966695,0.38166998117367196,0.3587019887116334,0.03213597740264046,0.058966819362589566,1103.4249393488767,31123.505143262915
17.87878787878788,1161.5540155932558,1160.2420611343844,0.7119744792161857,0.3876097284793584,0.35963772471434735,0.031139489567583098,0.059035249972010755,1102.572828074736,31144.310121358696
17.912457912457914,1162.810612116327,1161.4814475759656,0.7153086477293806,0.39360265830836705,0.3605766458577396,0.030139396176252078,0.05910326827725036,1101.7178687461112,31165.109488147835
17.946127946127945,1164.0771698962574,1162.7305563782909,0.7186505934534511,0.39964808054368534,0.3615186317474495,0.029135821159537122,0.059170860776336466,1100.860165536199,31185.90350045424
17.97979797979798,1165.353701126615,1163.9894082914502,0.7219998844243071,0.4057452632390408,0.36246355918568307,0.02812889155185026,0.05923801388723309,1099.9998253433735,31206.692414377627
18.013468013468014,1166.6402124521417,1165.258019094886,0.7253560799260901,0.4118934322188571,0.3634113021872744,0.027118737482947096,0.05930471394756128,1099.136957796662,31227.47648515638
18.047138047138045,1167.9367047322066,1166.5363993733035,0.728718730525677,0.41809177071684606,0.36436173199822347,0.02610549216735264,0.05937094721425287,1098.27167525967,31248.25596702517
18.08080808080808,1169.2431728001334,1167.8245542885584,0.7320873781122307,0.4243394190543554,0.36531471711675684,0.025089291891344064,0.059436699863137,1097.4040928329239,31269.03111306724
18.114478114478114,1170.5596052183917,1169.1224833475344,0.7354615559418565,0.4306354743594857,0.36627012331696013,0.02407027599744558,0.05950195798845964,1096.5343283546115,31289.802175061373
18.148148148148145,1171.8859840296482,1170.4301801660033,0.7388407886874315,0.4369789903278965,0.3672278136750263,0.023048586866390847,0.05956670760233678,1095.662502399688,31310.569403323338
18.18181818181818,1173.222284503666,1171.747632228461,0.7422245924936619,0.4433689770260866,0.3681876485981605,0.02202436989651462,0.0596309346341419,1094.7887382773313,31331.33304654191
18.215488215488215,1174.5684748800447,1173.0748206439305,0.7456124750374188,0.4498044007378129,0.3691494858561755,0.020997773480539484,0.059694624929828737,1093.9131620267217,31352.09335160924
18.249158249158246,1175.924516106796,1174.4117198977115,0.7490039355934134,0.45628418385420516,0.37011318061581033,0.019968948979725332,0.0597577642511905,1093.0359024111306,31372.85056344563
18.28282828282828,1177.290361574762,1175.7582975990535,0.7523984651052555,0.46280720480799004,0.3710785854777914,0.018938050695359,0.05982033827505742,1092.157090910295,31393.60492481857
18.316498316498315,1178.665956847895,1177.1145142246874,0.7557955462619398,0.4693722980521078,0.37204555051663757,0.017905235837575154,0.05988233259243481,1091.276861711063,31414.356676155996
18.35016835016835,1180.0512393894999,1178.4803228580352,0.7591946535798044,0.47597825408289585,0.3730139233231515,0.016870664491535733,0.05994373270758664,1090.3953516962677,31435.106055353725
18.383838383838384,1181.446138284777,1179.8556689234024,0.7625952534899944,0.4826238195078554,0.37398354904931097,0.015834499581141567,0.060004524037077775,1089.5127004317303,31455.853297576963
18.45117845117845,1184.2644579188561,1182.6347151010277,0.7693987569508011,0.49602854625251996,0.3759259279476518,0.013758054729296814,0.06012422156119092,1087.7445457358008,31497.342296885632
18.51851851851852,1187.120170520233,1185.451051508391,0.7762016300545329,0.5095755787226448,0.377871401082845,0.011677260179483171,0.06024130672047787,1085.9735670648704,31538.825492866185
18.585858585858585,1190.0123864508926,1188.3039174415485,0.7829993232519373,0.5232533266788019,0.37981863874528204,0.009593522409490615,0.06035565989168166,1084.2009731909118,31580.304646978548
18.653198653198654,1192.9401980605187,1191.192054904242,0.7897871656261567,0.5370495151919682,0.3817661354710929,0.007508377603744727,0.060467165239403396,1082.4279695393268,31621.7814571175
18.68686868686869,1194.4175372055668,1192.6480138492407,0.793175894760167,0.54398799560314,0.3827391194534373,0.006466007157347212,0.06052182765506957,1081.5415822362354,31642.519498698704
18.720538720538723,1195.905002762776,1194.1077140172788,0.7965596293671297,0.5509497190712394,0.38370959775046176,0.005425211200120406,0.06057578954764681,1080.6551842514853,31663.261888978257
18.754208754208754,1197.4078399766736,1195.5553654663756,0.7999346329996597,0.5579266368377851,0.38467041815949093,0.004390919294655895,0.06062921563997719,1079.7678197046025,31684.027595086223
18.78787878787879,1198.9519668710107,1196.9361223911108,0.8032996379258149,0.564915755866681,0.3855978556516182,0.0033780398445102853,0.060682970925739536,1078.8723714102757,31704.8186573861
18.810325476992144,1200.0428020080337,1197.7541435934513,0.8055364922886059,0.5695801330468262,0.38616687878778583,0.002733883638851255,0.06072013719317173,1078.261431761103,31718.694018858558
18.8327721661055,1201.238660341349,1198.4362446522684,0.8077669823014146,0.574246855715337,0.38666250962144155,0.002135841022050568,0.06075964116363166,1077.6288628462792,31732.58210023791
18.855218855218855,1202.6071040578004,1198.9847304106606,0.8099896748849361,0.5789152456710454,0.3870610996447695,0.0015987376167692748,0.06080237150015565,1076.9675751161321,31746.48467849933
18.877665544332213,1204.2210679526236,1199.4553222107577,0.8122029946372972,0.5835867267213017,0.3873508501274438,0.001130027125562365,0.060848771903788394,1076.274273243771,31760.40467751891
18.90011223344557,1206.1547484738715,1199.91523282153,0.8144053764196036,0.5882654523454671,0.38752249447427584,0.0007355609867149073,0.06089919100046865,1075.5464256014907,31774.34627808092
18.922558922558924,1208.4862067763765,1200.4232723310436,0.8165952507129293,0.5929581395955006,0.3875632236802272,0.00042336258546208267,0.060954111121025445,1074.7803378803017,31788.314948660107
18.94500561167228,1211.297969461859,1201.044753342345,0.8187710121098761,0.5976739093016805,0.3874602559954775,0.0002014150434605296,0.061014013347907986,1073.9723120286662,31802.317507877317
18.967452300785634,1214.6693683244857,1201.8840126228533,0.8209311126889057,0.6024246219498635,0.38721188962036446,7.079333770945869e-05,0.06107895866561356,1073.1221371622748,31816.362195825164
18.98989898989899,1218.6564595238583,1203.1194194512043,0.8230743712115227,0.6072258592774041,0.3868436907760372,1.5592638794622686e-05,0.06114797266842132,1072.2381130972383,31830.458619095814
19.006734006734007,1222.058179662498,1204.443681286641,0.8246705048500004,0.6108720308300821,0.38652156450521996,3.339796454322939e-06,0.06120115875696792,1071.5631646435588,31841.07124082624
19.023569023569024,1225.7987211799216,1206.1864633218336,0.8262571412830361,0.6145682093537842,0.38618494517130236,4.988373696566702e-07,0.061254613850374215,1070.8856441203832,31851.723503311132
19.057239057239055,1234.215788817853,1210.9547308835142,0.8294035008116345,0.622153130403073,0.3855045238279258,3.4557806892866657e-09,0.061360913981459354,1069.5330613026638,31873.164567899516
19.09090909090909,1243.7510113059711,1217.2828964477058,0.8325166555286637,0.6300613516325858,0.3848234547000344,5.602450647949082e-12,0.06146598056459583,1068.1843581696953,31894.814611728
19.124579124579125,1254.267037643625,1224.97162101592,0.8355992994344494,0.638364335124162,0.3841409937488117,2.4462044391365836e-15,0.061569725608780795,1066.8369468767823,31916.7025699298
19.158249158249156,1265.6462679808376,1233.8472068715898,0.8386535212165641,0.6471245555479798,0.38345582557931845,-8.067338528168137e-20,0.06167206100990577,1065.488431192167,31938.853987193128
19.19191919191919,1277.788187860928,1243.7609475133793,0.8416808951415953,0.6563961205012744,0.3827668166599968,-4.1046083064062093e-19,0.06177286997055993,1064.1368035644405,31961.291520377297
19.225589225589225,1290.6069936156043,1254.5858802607984,0.844682566971191,0.666224903809237,0.3820730041437597,-5.281718983286866e-19,0.061872007965930474,1062.7804109936415,31984.035367841687
19.259259259259256,1304.0294435673395,1266.2138383578535,0.8476593304294686,0.6766483510493081,0.38137358527162324,-5.29496748588693e-19,0.0619693039540016,1061.4179309101808,32007.10363394726
19.29292929292929,1317.992923830804,1278.5528052060251,0.8506116939007733,0.687695082858415,0.38066791131000016,-4.0724050513024895e-19,0.062064561506390524,1060.048355783721,32030.512636651696
19.326599326599325,1332.4437152953349,1291.5245493884695,0.853539937639593,0.6993843865712637,0.37995548480838387,-3.5651103151929455e-19,0.06215755979841215,1058.6709840928268,32054.27716504414
19.36026936026936,1347.3354467619058,1305.0625173182661,0.8564441621443639,0.7117256607313159,0.3792359592234512,-1.8882850997619006e-19,0.06224805443364108,1057.2854157992688,32078.410692756985
19.393939393939394,1362.6277186863556,1319.1099601631065,0.8593243285500451,0.7247178566087098,0.3785091401808234,-5.605322439538321e-20,0.062335778100637985,1055.891550906189,32102.925552421726
19.427609427609426,1378.2848821051552,1333.61827256064,0.8621802919785985,0.7383489441904612,0.3777749878434425,-1.304203513904612e-19,0.06242044107099121,1054.489590062964,32127.833075682604
19.46127946127946,1394.274957774977,1348.5455220616755,0.8650118287905546,0.752595416225793,0.3770336200315312,-1.7419278674600193e-19,0.06250173155131761,1053.0800365215646,32153.143702724807
19.494949494949495,1410.5686811364,1363.8551498680997,0.8678186586342417,0.7674218323274555,0.3762853158948443,-1.7284527106419934e-19,0.0625793158999392,1051.6636990513682,32178.86706479396
19.52861952861953,1427.138659291781,1379.5148250395043,0.8706004621136568,0.7827803955242442,0.37553052007405974,-4.812824364503904e-20,0.06265283871366782,1050.2416956824147,32205.01204276388
19.562289562289564,1443.9586266965543,1395.4954358042341,0.8733568948065386,0.7986105456529169,0.37476984740710934,1.0641332839251584e-19,0.06272192278294887,1048.8154583751832,32231.586804434755
19.595959595959595,1461.002786654705,1411.7702028851734,0.8760875982712157,0.8148385469791006,0.37400408834395493,1.482321754609107e-19,0.06278616890530928,1047.3867389190657,32258.598822901902
19.62962962962963,1478.2452259300362,1428.3139008504309,0.8787922085908108,0.8313770405005136,0.3732342153409654,3.004952202819529e-20,0.06284515553759526,1045.9576165625638,32286.0548780147
19.663299663299664,1495.659389747581,1445.1021744689417,0.8814703629203605,0.8481245230274415,0.3724613906323513,8.85581739162992e-20,0.0628984382558602,1044.5305081103152,32313.96104263615
19.6969696969697,1513.2176040049776,1462.110937954417,0.8841217044286473,0.8649647030083369,0.3716869759515181,1.3682961972815836e-19,0.06294554897558896,1043.1081815410903,32342.322655104348
19.730639730639734,1530.8906303529423,1479.3158459013578,0.8867458859631608,0.881765663304767,0.3709125450505876,1.04628245409421e-19,0.06298599485964841,1041.6937746993601,32371.14427897286
19.764309764309765,1548.6472374113036,1496.6918257864827,0.8893425727144075,0.8983787269197459,0.37013990033170835,5.194004738788228e-20,0.06301925679836243,1040.2908214537777,32400.4296507451
19.7979797979798,1566.4537667739764,1514.2126633988264,0.891911444115647,0.9146368601600124,0.36937109573001425,-1.904350092169114e-20,0.06304478726878959,1038.9032892076027,32430.181615880098
19.831649831649834,1584.2736636634008,1531.8506351308465,0.8944521951880989,0.9303523324292284,0.3686084695258465,-8.543840293213864e-21,0.06306200723422807,1037.5356344217146,32460.402052766098
19.865319865319865,1602.0669249465013,1549.5761864764731,0.8969645375348958,0.9453131237143075,0.3678546937964627,-7.163916041516741e-20,0.0630703014531042,1036.1928882849593,32491.09178350545
19.8989898989899,1619.7893819602339,1567.3576694851042,0.8994482002125159,0.9592770839215615,0.3671128536781068,-7.885961002257384e-20,0.06306901093813608,1034.8807963321074,32522.25046896824
19.932659932659934,1637.3916565394534,1585.1611900362923,0.9019029308010459,0.9719616941600105,0.3663865849049292,-9.2647786223634e-20,0.06305741980801417,1033.6060634426024,32553.876483070148
19.966329966329965,1654.8174264685965,1602.9507423392547,0.9043284972597398,0.9830241045645883,0.36568034014226297,-7.302052371917265e-20,0.06303472963208713,1032.3768316763026,32585.96675614109
20.0,1672.0,1620.6893347689197,0.9067246919793038,0.9920151372098034,0.365,-1.5093354156039534e-21,0.063,1031.2037814337298,32618.51656514138
