z,t,T,fs,fl,x,y,w,rhob,p
0.0,505.28,595.14,0.0,0.0,0.243384,0.17434,0.04055,1267.6,14771.0
0.012023,505.28,595.14,5.188132514557259e-06,0.0,0.243384,0.17434,0.04055,1267.6,14771.0
0.014119,505.28,595.14,6.09259277826116e-06,0.0,0.243384,0.17434,0.04055,1267.6,14771.0
0.033191,505.28,601.1019041853739,1.4322490750284453e-05,0.0,0.243384,0.17434,0.04055,1267.6,14771.0
0.073588,544.5806929181224,613.73,3.175449517435245e-05,0.0,0.243384,0.17434,0.04055,1267.6,14771.0
0.076414,547.33,614.2415422184988,3.297396306806773e-05,0.0,0.243384,0.17434,0.04055,1267.6,14771.0
0.088468,550.949352896915,616.423470704622,3.817547261896794e-05,0.0,0.243384,0.17434,0.04055,1267.6,14771.0
0.09307,552.3311566161453,617.2564916846402,4.016131523994378e-05,0.0,0.243384,0.1743313490371894,0.04055,1267.6,14771.0
0.098347,553.9156368913254,618.2116963155737,4.24384320393548e-05,0.0,0.243384,0.174321429191307,0.0405504284931284,1267.6,14771.0
0.13659,565.3985398975241,625.134169444395,5.8940948196238535e-05,0.0,0.2435104100421544,0.1742495389760173,0.0405535338300075,1267.6,14771.0
0.18579,580.171408864524,634.04,8.017159942440265e-05,0.0,0.2436730378191069,0.1741570514987731,0.040557528876799,1267.6,14845.347675625793
0.18805,580.85,634.3104363163758,8.114682852553377e-05,0.0,0.2436805081194303,0.1741528030902656,0.040557712389111,1267.6,14848.762833083401
0.27252,595.74,644.4182927961381,0.0001175970949735,0.0,0.243959718857625,0.1739940141227286,0.0405645713647713,1267.6,14976.40812089053
0.29351,599.0920648024855,646.93,0.0001266546431296,0.0,0.2440291000982395,0.173954556558758,0.0405662757556687,1267.6,15008.126773560965
0.38517,613.73,657.5160315724731,0.0001662075189746,0.0,0.2443320769688791,0.1737822516367213,0.0405737185603215,1267.6,15146.637097704464
0.43984,622.6283500557413,663.83,0.0001897985698413,0.0,0.2445127855169685,0.1736794815070274,0.0405781577718682,1267.6,15229.250663282965
0.48335,629.7102452619844,668.1992265030385,0.0002085738876246,0.0,0.2446566053254076,0.173597690244123,0.0405816907898743,1267.6,15295.0
0.48384,629.79,668.2484317658859,0.0002087853311023,0.0,0.2446582249922919,0.1735967691290041,0.0405817305779419,1267.6,15295.697343453512
0.56822,646.81,676.7217788660098,0.0002451967609932,0.0,0.2449371382406507,0.1734381493458768,0.0405885822455898,1267.6,15415.782732447818
0.60933,651.976976551887,680.85,0.0002629364372531,0.0,0.2450730249867994,0.1733608696672282,0.0405919203832646,1267.6,15474.28842504744
0.73626,667.9303780048432,697.87,0.000317708928318,0.0,0.2454925848186812,0.1731222632548988,0.0406022271167861,1267.6,15654.928842504745
0.73753,668.09,697.9975794524859,0.0003182569552908,0.0,0.2454967827308099,0.1731198758748968,0.0406023302409614,1267.6,15656.73624288425
0.79598,673.9575320588467,703.8692479546885,0.0003434791415567,0.0,0.2456899858520065,0.17301,0.0406070763890298,1267.6,15739.91935483871
0.85225,679.6062237432145,709.5219218061674,0.0003677606201057,0.0,0.2458759831082894,0.1727789671536738,0.0406116455207973,1267.6,15820.0
0.86338,680.723514278971,710.64,0.0003725634076701,0.0,0.245912772684661,0.1727332697024634,0.0406125492783337,1267.6,15835.50065116279
0.86464,680.85,710.7875624517126,0.0003731071194699,0.0,0.2459169375423635,0.1727280964061,0.0406126515905077,1267.6,15837.255441860465
0.89945,684.7860622342938,714.8642679629153,0.0003881282367311,0.0,0.246032,0.172585173829583,0.0406154781673128,1267.6,15885.735016611296
1.0187,698.2699870099196,728.83,0.0004395866749213,0.0,0.2466336426301638,0.1720955582809,0.0406251612837741,1267.6,16051.81342192691
1.034,700.0,729.9020822281168,0.0004461888896325,0.0,0.2467108345147886,0.1720327396822011,0.0406264036458862,1267.6,16073.121594684382
1.07829,704.4472908554573,733.0055150309461,0.0004653007909109,0.0,0.246934287362503,0.1718508942092353,0.04063,1267.6,16134.803880398671
1.0892,705.542796460177,733.7699867374006,0.000470008644669,0.0,0.2469893307259839,0.1718061000319931,0.0406319006085663,1267.6,16149.998139534884
1.2035,717.02,741.7790716180372,0.0005193310722173,0.0,0.247565999511122,0.1713368081475951,0.0406518125754901,1267.3607314370151,16309.18272425249
1.2285,718.8525054330953,743.5308399646331,0.000530119004752,0.0,0.2476921300415546,0.1712341633784792,0.0406561677738548,1267.3083979805442,16344.0
1.2449,720.0546289972058,744.68,0.0005371958884947,0.0,0.2477748716695184,0.1711668284099392,0.0406590247839821,1267.2740672330992,16367.817427385891
1.3586,728.3888637069233,753.2359752504419,0.0005862594056622,0.0,0.2483485133219262,0.1707,0.0406788322261451,1267.03605467307,16532.941908713696
1.4146,732.4936758770568,757.45,0.0006104243745398,0.0,0.2486310457100953,0.1704405119152691,0.0406885878704822,1266.918827730575,16614.26970954357
1.4941,738.3210431542999,761.1291350792557,0.00064473,0.0,0.2490321407968712,0.1700721315092674,0.0407024374012821,1266.7524073389975,16729.726141078838
1.5131,739.7137472834523,762.0084252239835,0.0009319020194239,0.0,0.249128,0.1699840909090909,0.0407057473520393,1266.7126339120798,16757.31950207469
1.5256,740.63,762.5869055823571,0.0011208309795713,0.0,0.2491962382133995,0.1699261694616063,0.0407079249512217,1266.6864671838443,16775.473029045643
1.59,745.0064788732394,765.5672363886974,0.0020941929822505,0.0,0.2495478014888337,0.1696277581641659,0.0407191439422094,1266.5516561999757,16869.0
1.7048,752.808028169014,770.88,0.0038293165522438,0.0,0.2501745012406948,0.1690958075904677,0.0407391430131004,1266.311340967861,17014.583736689256
1.8118,760.0795070422536,775.0297996995494,0.0054465484511051,0.0,0.2507586203473945,0.1686,0.0407577832621016,1266.087353774166,17150.275895450148
1.838,761.86,776.0459188783175,0.005842543551574,0.0,0.2509016476426799,0.1684451605709188,0.0407623475099879,1266.0325083117843,17183.501452081317
1.9013,765.4120634121791,778.5008938407611,0.0067992798057602,0.0,0.251247205955335,0.1680710637823372,0.0407733748722475,1265.9,17263.775411423037
1.93933,767.5461071967791,779.9758179769655,0.0073740772741125,0.0,0.2514548138957816,0.1678463102140945,0.04078,1265.8434544853792,17312.003194578898
2.0032,771.1301560140917,782.4528993490235,0.0083394286888814,0.0,0.2518034838709677,0.1674688447814451,0.04078,1265.748488352883,17393.0
2.0773,775.2882586814293,785.3267325988984,0.0094593995646349,0.0,0.252208,0.1670309210526315,0.04078,1265.6383115810345,17478.051377350243
2.0913,776.0738651233014,785.8696970455684,0.009671,0.0,0.2523328240262787,0.166948182426405,0.04078,1265.6174954567985,17494.12046348929
2.1042,776.7977453447409,786.37,0.0099433422735069,0.0,0.2524478404504927,0.166871944692239,0.04078,1265.598314885181,17508.926978574553
2.2354,784.16,791.7922437841115,0.0127132109777015,0.0,0.253617619896762,0.1660965655664585,0.04078,1265.40323806377,17659.517271534758
2.2602,785.1081551263934,792.8171801091571,0.0132367837205676,0.0,0.253838736743313,0.16595,0.04078,1265.3663637865525,17687.982509838217
2.434,791.7528874234573,800.0,0.0169060152814595,0.0,0.2553883378695448,0.1642623989455184,0.04078,1265.1079464728234,17887.468736335813
2.4606,792.7698602606374,800.5871867219917,0.0174675892717916,0.0,0.2556255035194744,0.1640041124780316,0.04078,1265.0683958367752,17918.0
2.5035,794.410015701052,801.5341908713693,0.0183732856697333,0.0,0.256008,0.1635875527240773,0.04078,1265.004609284652,17961.81233933162
2.5066,794.5285350918512,801.6026224066391,0.0184387322625916,0.0,0.2560370503144654,0.1635574516695958,0.04078,1265.0,17964.97826594999
2.62465,799.0418299576071,804.2085394190872,0.0209309807422423,0.0,0.2571433050314465,0.1624111840949033,0.04078,1264.884082875098,18085.538794110766
2.7154,802.5113895430993,806.2118174273859,0.0228468769686574,0.0,0.2579937295597484,0.16153,0.0407650806196648,1264.7949725058916,18178.21874269689
2.7326,803.1689810017272,806.5915020746888,0.02321,0.0,0.2581549119496855,0.1613773903966597,0.0407622529244388,1264.7780832678711,18195.784529095585
2.8723,808.51,809.675336099585,0.027012207296849,0.0,0.2594640503144654,0.1601378810020876,0.0407392861207714,1264.6409073055777,18338.4554802524
2.8885,808.9405629477993,810.0329460580913,0.0274531218151665,0.0,0.2596158616352201,0.1599941440501043,0.0407366228264306,1264.625,18355.0
2.916,809.6714568406687,810.64,0.0282015878184833,0.0,0.2598735660377358,0.159750146137787,0.0407321018020866,1264.5979968578165,18383.318347248984
3.0158,812.3239372227908,812.8566733067729,0.0309178389868837,0.0,0.2608087987421383,0.158864655532359,0.0407156945937401,1264.5,18486.08820381075
3.0986,814.524592289321,814.6957569721116,0.0331714020805065,0.0,0.2615847232704402,0.15813,0.0407020822004426,1264.160377358491,18571.352172982228
3.1395,815.6116308427158,815.6041932270916,0.0342845751545303,0.0,0.261968,0.1577130803472067,0.0406953582042364,1263.9926168990976,18613.469278527078
3.3556,821.3551279426817,820.4040239043825,0.0401661570933212,0.0,0.2647768523231725,0.1555102359225461,0.040659831172937,1263.1062346185397,18836.0
3.3815,822.0434970999659,820.9792928286852,0.0408710759837177,0.0,0.2651134986682451,0.1552462207878922,0.0406555731900094,1263.0,18860.58149171271
3.3959,822.426219720232,821.2991334661355,0.041263,0.0,0.265300668836934,0.1550994324504785,0.040653205817262,1262.913417721519,18874.24842146804
3.4154,822.9444899351757,821.7322509960159,0.0418662862626816,0.0,0.265554128440367,0.1549006565768974,0.04065,1262.796170886076,18892.755722178368
3.418,823.0135926305015,821.79,0.0419467244310392,0.0,0.265587923054158,0.1548741531270865,0.04065,1262.7805379746835,18895.22336227309
3.4585,824.09,822.4212665958577,0.0431997035919934,0.0,0.2661143391535958,0.1544613109281103,0.04065,1262.5370253164558,18933.661602209944
3.4774,824.4088737864078,822.7158576739246,0.0437844272004387,0.0,0.26636,0.1542686512352548,0.04065,1262.423386075949,18951.599447513807
3.5479,825.5983236245955,823.8147291556028,0.0459655390732108,0.0,0.2672763819095478,0.15355,0.04065,1261.999493670886,19018.510457774268
3.7946,829.7605544768069,827.66,0.0535978837400603,0.0,0.2704830686767169,0.1513585664692669,0.04065,1260.516170886076,19252.651539068665
3.8624,830.9044509169363,828.3377725595437,0.0556954636687688,0.0,0.2713643551088777,0.1507562997753726,0.04065,1260.108512658228,19317.0
3.922,831.91,828.9335726266353,0.0575393539895804,0.0,0.2721390552763819,0.1502268735960792,0.04065,1259.750158227848,19374.70068576039
3.955,832.2072410062212,829.2634619255283,0.0585602999725801,0.0,0.272568,0.149933734939759,0.04065,1259.5517405063292,19406.64905203712
4.0135,832.7341682445226,829.8482656826568,0.0603701587606251,0.0,0.2728328604353393,0.1494140800490096,0.04065,1259.2,19463.28479225494
4.0376,832.9512442520963,830.0891848373029,0.0611157587057855,0.0,0.2729419738796415,0.1492,0.04065,1259.0741364985165,19486.616780960063
4.0927,833.4475466594536,830.64,0.0628204291198245,0.0,0.2731914407170295,0.1488670388349514,0.04065,1258.7863738872404,19539.96087131908
4.1253,833.7411847443873,830.9298535564853,0.063829,0.0,0.27333903815621,0.148670041848008,0.04065,1258.616118694362,19571.52198467124
4.18858,834.3111668920747,831.4924895397489,0.0659827152337858,0.0,0.2736255401792574,0.1482876501506528,0.04065,1258.285635608309,19632.785397337637
4.2917,835.24,832.4093514644351,0.0694923725490195,0.0,0.274092418950064,0.1476645112152661,0.0406513337127189,1257.7470860534124,19732.61920129084
4.3582,835.5354630788486,833.0006171548117,0.0717556794871794,0.0,0.2743934996158771,0.147262661533311,0.0406521937970459,1257.3997863501484,19797.0
4.4751,836.0548560700876,834.04,0.0757343348416289,0.0,0.2749227677336748,0.1465562520924004,0.0406537057347577,1256.7892700296736,19896.484518013636
4.635,836.7653003754693,835.2371423550087,0.0811764819004524,0.0,0.2756467195902689,0.14559,0.0406557738172223,1255.954183976261,20032.56299902629
4.6557,836.8572715894869,835.3921195079085,0.081881,0.0,0.2757404394366197,0.1454619123134328,0.0406560415427196,1255.8460771513353,20050.179162609544
4.736,837.2140488110138,835.9933110720561,0.0841574444723617,0.0,0.276104,0.1449650310945273,0.0406570801107116,1255.426706231454,20118.51626095424
4.7711,837.37,836.2560984182776,0.0851525030150753,0.0,0.2762278678383128,0.1447478389303482,0.0406575340800331,1255.2433946587537,20148.387147030186
4.856,837.6472458410351,836.8917293497364,0.0875593540201004,0.0,0.2765274797891037,0.1442224937810945,0.0406586321425799,1254.8,20220.638948393378
4.8717,837.6985150955022,837.0092724077329,0.0880044371859296,0.0,0.2765828850615114,0.1441253451492537,0.0406588352000827,1254.722015256342,20234.0
4.96176,837.9926112138016,837.6835353251317,0.0905575703015075,0.0,0.2769007066432337,0.1435680708955224,0.04066,1254.2746709242504,20318.071355498723
5.0441,838.2614972273567,838.3,0.0928918472361809,0.0,0.2771912843585237,0.1430585665422885,0.04066,1253.8656732304416,20394.936061381075
5.0537,838.2928465804067,838.3452289316523,0.093164,0.0,0.277225162741652,0.1429991635572139,0.04066,1253.8179882916445,20403.89769820972
5.2782,839.0259642637092,839.4029263437292,0.0988911617037316,0.0,0.2780174228471002,0.14161,0.04066,1252.7028561291468,20613.469309462915
5.305,839.1134812076402,839.5291904445919,0.0995748496042216,0.0,0.278112,0.1415016389891696,0.04066,1252.5697356750045,20638.487212276217
5.3409,839.2307147258164,839.6983278035832,0.1004906852619676,0.0,0.2782596311915159,0.1413564837545126,0.04066,1252.3914138726273,20672.0
5.4197,839.4880406654344,840.0695819508958,0.1025009317753486,0.0,0.2785836796007486,0.1410378700361011,0.04066,1252.0,20742.982896237172
5.4203,839.49,840.0724087591241,0.102516238220882,0.0,0.2785861469744229,0.1410354440433213,0.04066,1251.9979619565215,20743.523375142533
5.4962,840.0159716782164,840.43,0.1044525035808518,0.0,0.2788982697442296,0.1407285559566787,0.04066,1251.7401494565215,20811.89395667047
5.5843,840.6264868936427,841.617258805513,0.1067,0.0,0.2792605624454148,0.1403723393501805,0.04066,1251.4408967391305,20891.254275940704
5.73494,841.6703916842423,843.6473231240428,0.1103187262569832,0.0,0.2798800377292576,0.1397632534296028,0.04066,1250.9292119565218,21026.950513112883
5.8322,842.3443838505574,844.9580245022971,0.1126551396648044,0.0,0.2802799990018715,0.13937,0.0406629651233689,1250.5988451086955,21114.562143671606
5.8671,842.5862338053631,845.4283460949464,0.1134935195530726,0.0,0.2804235179039301,0.1392001240368351,0.0406640291045079,1250.4802989130435,21145.999999999996
6.0085,843.5661072612232,847.333889739663,0.1168902793296089,0.0,0.2810049956331877,0.1385118586731817,0.0406683399048819,1250.0,21232.06325867669
6.0839,844.0886140403736,848.35,0.11870156424581,0.0,0.2813150622582657,0.138144848712648,0.0406706385919271,1249.7253642384103,21277.955547956914
6.0841,844.09,848.3542051756008,0.1187063687150838,0.0,0.2813158847161572,0.1381438752114264,0.0406706446892402,1249.7246357615893,21278.07727816721
6.1065,844.4506560406561,848.8251848428836,0.119244469273743,0.0,0.281408,0.13803484307461,0.0406713275883094,1249.643046357616,21291.71106171995
6.3361,848.1473804573805,853.6527264325324,0.12476,0.0,0.2825171302855359,0.136917263672242,0.0406783273037681,1248.8067549668874,21431.457343135575
6.3643,848.6014206514207,854.2456561922367,0.1253702206386186,0.0,0.2826533562178187,0.13678,0.0406791870249176,1248.7040397350993,21448.6213027868
6.452,850.0134534534534,856.0896256931609,0.127267963546663,0.0,0.2830770092058043,0.1363214283327765,0.0406818606967196,1248.3846026490066,21502.0
6.5167,851.0551697851697,857.45,0.1286680087707277,0.0,0.2833895559369636,0.1359831206147678,0.0406838331775131,1248.148940397351,21545.531334102267
6.517,851.06,857.4555976095618,0.1286745004796491,0.0,0.2833910051490091,0.1359815519545606,0.0406838423234827,1248.1478476821192,21545.73317954633
6.6125,853.2947465131724,859.2375033200532,0.1307410278196519,0.0,0.2838523376501794,0.1354821951219512,0.0406867537904963,1247.8,21609.987312572088
6.71898,855.7864303741421,861.2242815405046,0.1330451517061806,0.0,0.2843667113122172,0.1349254253257601,0.04069,1247.3533394127303,21681.628988850443
6.7474,856.4514722160726,861.754561752988,0.1336601329313416,0.0,0.284504,0.1347768209154694,0.0406854513444302,1247.2341236549337,21700.750480584393
6.9629,861.4942771751163,865.7755112881806,0.1383233438399342,0.0,0.2857072609970674,0.13365,0.0406509603072983,1246.3301477293453,21845.74279123414
6.9685,861.6253199025901,865.88,0.1384445224064684,0.0,0.285738529032258,0.1336181572164948,0.0406500640204865,1246.3066569396317,21849.51057285659
6.9687,861.63,865.8875169470249,0.138448850212416,0.0,0.2857396457478006,0.1336170199742267,0.0406500320102432,1246.305817982856,21849.645136485968
6.9722,861.7035395189004,866.0190635199598,0.1385245868164999,0.0,0.2857591882697947,0.133597118234536,0.0406494718309859,1246.2911362392852,21852.0
7.0658,863.6701963672067,869.5369947275923,0.14055,0.0,0.286281811143695,0.1330648888530927,0.0406344910371318,1245.8985044683568,21929.311475409842
7.1608,865.6662690230731,873.1075445643987,0.1424889508592101,0.0,0.2868122510263929,0.1325246987757732,0.0406192861715749,1245.5,22007.779319041612
7.2813,868.1981296023564,877.6365051468742,0.1449483569490503,0.0,0.2874850721407624,0.1318395103092783,0.0406,1244.966814159292,22107.30958385876
7.3668,869.9945949926363,880.85,0.1466934127223394,0.0,0.2879624680351906,0.1313533392396907,0.040608109357772,1244.5884955752213,22177.930643127365
7.4294,871.3099018163967,883.2352444156685,0.1479710792885137,0.0,0.288312,0.1309973824097938,0.0406140467355092,1244.3115044247788,22229.6368221942
7.448,871.7007118311242,883.9439592101004,0.148350705456738,0.0,0.2884602842287695,0.130891618878866,0.0406158108764982,1244.229203539823,22245.0
7.545,873.7388070692194,887.6399449660084,0.1503304763340368,0.0,0.2892335944540728,0.130340056378866,0.0406250109666022,1243.8,22288.620123203287
7.5798,874.47,888.9659274846229,0.151040744648779,0.0,0.2895110294627383,0.1301421762242268,0.0406283116174849,1243.6130521289294,22304.269404517454
7.5837,874.5942160427808,889.114528973778,0.1511203436840518,0.0,0.2895421213171577,0.13012,0.0406286815180148,1243.592101074413,22306.023203285422
7.6757,877.5244406417113,892.62,0.152998064516129,0.0,0.2902755701906412,0.1294639150032195,0.0406374073766701,1243.0978710704337,22347.394866529772
7.7292,879.2284299465241,894.6053290183387,0.15409,0.0,0.2907020866551126,0.1290823873148744,0.0406424816531708,1242.8104655789891,22371.45338809035
7.935,885.783214973262,902.2423516720604,0.1598842442676649,0.0,0.2923427798960138,0.1276147537025112,0.0406620010195976,1241.7048945483484,22464.0
8.0064,888.0573240641711,904.8919309600864,0.1618944922788956,0.0,0.292912,0.1271055746941403,0.0406687730446844,1241.3213290887384,22509.036327489608
8.0465,889.3345197860963,906.38,0.1630234971143347,0.0,0.293303136436029,0.126819607211848,0.0406725763809027,1241.105909271787,22534.32983914694
8.0473,889.36,906.4134132146526,0.1630460209015754,0.0,0.2933109396566979,0.1268139021249195,0.0406726522579344,1241.101611619578,22534.834447858306
8.0476,889.3747173689619,906.4259431701472,0.1630544673217906,0.0,0.2933138658644488,0.1268117627173213,0.0406726807118214,1241.1,22535.023676125067
8.12477,893.1605152449469,909.6490653885656,0.1652271681484947,0.0,0.2940665840382233,0.1262614357694784,0.04068,1240.714585145803,22583.699493945416
8.2049,897.0915244946899,912.9958165011984,0.1674832069879893,0.0,0.2948481741284728,0.12569,0.0406782461285909,1240.3143869824391,22634.24236399783
8.3386,903.650565262076,918.58,0.171247494930588,0.0,0.2961522873827641,0.1245496556163501,0.0406753197264021,1239.6466408893184,22718.575094885233
8.3392,903.68,918.6167724137932,0.1712643877710185,0.0,0.2961581397982658,0.1245445381396845,0.0406753065937072,1239.643644272595,22718.953551418763
8.3703,905.015299062399,920.5228091954024,0.17214,0.0,0.2964614900017696,0.1242792822658512,0.0406746258823529,1239.488319639117,22738.570215073196
8.4883,910.0817070805044,927.7547172413794,0.1761065342601787,0.0,0.2976124650504336,0.1232728451882845,0.040672043119015,1238.8989850169164,22813.0
8.5156,911.2538506304558,929.4278620689654,0.177024215491559,0.0,0.29787874995576,0.12304,0.0406714455813953,1238.762638956017,22830.987575301202
8.5561,912.9927449078564,931.91,0.1783856107249255,0.0,0.2982737880021235,0.1226705743243243,0.040670559124487,1238.5603673272112,22857.672439759037
8.5715,913.6539540898804,932.5852795762212,0.1789032770605759,0.0,0.298424,0.1225301013513513,0.0406702220519835,1238.4834541646528,22867.819277108432
8.6683,917.8101260911736,936.8298940553266,0.1821571797418073,0.0,0.2994227706013363,0.1216471283783783,0.0406681033105335,1238.0,22931.599397590362
8.8959,927.5822825735532,946.81,0.1898078848063554,0.0,0.3017711196598501,0.1195710472972973,0.0406631216415868,1236.94308080138,23081.561746987947
8.9578,930.24,950.1711189634864,0.1918886345580933,0.0,0.3024097963150435,0.1190064189189189,0.0406617667852257,1236.655632214409,23122.346762048197
8.9745,931.0768903066474,951.0779151943464,0.19245,0.0,0.3025821048795303,0.1188540878378378,0.0406614012585499,1236.5780814647735,23133.35015060241
9.0195,933.3319839473144,953.5213780918727,0.1941545766590389,0.0,0.3030464093946143,0.1184436148648648,0.0406604163064295,1236.3691123789306,23163.0
9.03852,934.285136859436,954.554148409894,0.1948750443935926,0.0,0.3032426554363231,0.1182701216216216,0.04066,1236.2807881119809,23175.532003012046
9.0484,934.7802551965424,955.0906242638398,0.195249293668955,0.0,0.3033445960720793,0.11818,0.0406619116341535,1236.2349077882448,23182.041792168682
9.0654,935.6321794607944,956.01371024735,0.1958932448512585,0.0,0.30352,0.1180000956937799,0.0406652008832032,1236.1559639113705,23193.242846385543
9.4053,952.665653426631,974.47,0.208768480549199,0.0,0.3071579319727891,0.1144030678300028,0.0407309665156723,1234.577550749635,23417.198042168682
9.422,953.5025437332786,975.5159628975264,0.209401067887109,0.0,0.307336671201814,0.1142263383056571,0.0407341977191504,1234.5,23428.201430722893
9.4437,954.59,976.8750883392228,0.2102230526315789,0.0,0.307568925170068,0.1139966957500703,0.0407383963488197,1234.4233516483516,23442.499246987958
9.5505,961.6180834160874,983.5642402826855,0.2142685812356979,0.0,0.308712,0.1128664734027582,0.040759060572261,1234.046114599686,23512.868222891568
9.5507,961.6312446209864,983.5767667844524,0.2142761571319603,0.0,0.308715012987013,0.1128643568815085,0.0407590992693086,1234.0454081632654,23513.0
9.63,966.849662363456,988.5435247349824,0.21728,0.0,0.3099096623376623,0.112025156206023,0.040774442648699,1233.765306122449,23562.04430267588
9.7449,974.4107745779544,995.74,0.2223826456692912,0.0,0.3116406233766233,0.1108092147481002,0.0407966741025699,1233.3594583987442,23633.10597200071
9.7458,974.47,995.7865801961404,0.2224226141732282,0.0,0.3116541818181818,0.1107996904024768,0.0407968482392843,1233.3562794348509,23633.662590820488
9.759,975.297724056604,996.4697564062006,0.2230088188976378,0.0,0.3118530389610389,0.11066,0.0407994022444287,1233.3096546310833,23641.826333510548
9.8893,983.46836379717,1003.2135336918698,0.2287953700787401,0.0,0.313816,0.1090509465116279,0.0408246133709681,1232.8494113029828,23722.41236930711
9.91714,985.2141090801888,1004.6544144258146,0.2300317291338582,0.0,0.3141299606176057,0.1087071548837209,0.04083,1232.7510753532183,23739.630444798866
9.9316,986.1208431603774,1005.4028029104712,0.2306738897637795,0.0,0.3142930306797674,0.1085285906976744,0.0408296618255805,1232.7,23748.57345383661
10.061,994.2350471698112,1012.1,0.2364204724409448,0.0,0.3157523160216563,0.1069306511627907,0.0408266355621038,1232.2242647058824,23828.6028708134
10.085,995.74,1013.6280575539568,0.2374862992125984,0.0,0.3160229717264888,0.1066342790697674,0.0408260742767604,1232.1360294117646,23843.44603934078
10.115,997.6158823529412,1015.5381294964028,0.2388185826771653,0.0,0.3163612913575295,0.1062638139534883,0.0408253726700811,1232.0257352941176,23862.0
10.138,999.0540588235292,1017.0025179856116,0.23984,0.0,0.3166206697413274,0.1059797906976744,0.040824834771627,1231.9411764705883,23875.854870775347
10.189,1002.2430588235294,1020.2496402877698,0.2423665868263473,0.0,0.3171958131140966,0.10535,0.0408236420402722,1231.7536764705883,23906.57654075546
10.339,1011.6224705882352,1029.8,0.2497977245508982,0.0,0.3188874112693002,0.1032824324324324,0.0408201340068757,1231.202205882353,23996.934393638174
10.388,1014.6864117647058,1032.386111111111,0.2522252295409182,0.0,0.31944,0.102607027027027,0.0408189880492995,1231.0220588235295,24026.451292246522
10.425,1017.0,1034.338888888889,0.2540582435129741,0.0,0.3200170881612091,0.102097027027027,0.0408181227343951,1230.8860294117646,24048.73956262425
10.53,1022.3421052631578,1039.8805555555557,0.2592600399201596,0.0,0.3216547707808564,0.1006497297297297,0.0408156671110175,1230.5,24111.990059642147
10.591,1025.4456140350876,1043.1,0.2622820359281437,0.0,0.3226061863979849,0.0998089189189189,0.0408142405107696,1230.133082706767,24148.735586481118
10.618,1026.819298245614,1044.8267441860464,0.2636196407185629,0.0,0.3230273047858942,0.0994367567567567,0.0408136090647583,1229.9706766917293,24165.0
10.639,1027.8877192982454,1046.1697674418604,0.26466,0.0,0.3233548413098236,0.0991472972972973,0.0408131179400827,1229.8443609022556,24176.38036809816
10.67,1029.4649122807016,1048.1523255813952,0.2662900582524272,0.0,0.3238383476070529,0.09872,0.0408123929465141,1229.657894736842,24193.179959100205
10.675,1029.719298245614,1048.472093023256,0.2665529708737865,0.0,0.3239163324937028,0.0986428054862842,0.0408122760120676,1229.627819548872,24195.889570552146
10.77232,1034.6706666666666,1054.696046511628,0.2716703021359224,0.010724788370607,0.3254342303274559,0.0971402914713217,0.04081,1229.0424360902257,24248.629447852763
10.785,1035.3157894736842,1055.506976744186,0.2723370485436893,0.0121221405750798,0.325632,0.0969445261845386,0.040814680585996,1228.966165413534,24255.50102249489
10.849,1038.5719298245613,1059.6,0.2757023300970874,0.0191750223642172,0.3265143829787234,0.0959564364089775,0.040838304994809,1228.5812030075188,24290.184049079762
10.938,1043.1,1063.0141527001863,0.2803821747572816,0.0289829361022365,0.3277414468085107,0.0945823740648379,0.0408711576883146,1228.0458646616542,24338.415132924336
10.988,1045.178651685393,1064.9322160148974,0.2830113009708738,0.034493,0.3284308085106383,0.0938104289276808,0.0408896142576998,1227.745112781955,24365.511247443763
11.071,1048.629213483146,1068.1162011173185,0.2873756504854369,0.0458441931818181,0.3295751489361702,0.092529,0.0409202521628792,1227.2458646616542,24410.490797546012
11.107,1050.1258426966292,1069.4972067039105,0.2892686213592232,0.0507676022727271,0.3300714893617021,0.0919393809523809,0.0409335408928365,1227.0293233082707,24430.0
11.154,1052.0797752808987,1071.300186219739,0.29174,0.0571953863636363,0.3307194893617021,0.0911696005291005,0.0409508900680586,1226.7466165413534,24452.97583643123
11.161,1052.3707865168535,1071.568715083799,0.2920976603773584,0.0581527159090908,0.330816,0.0910549523809523,0.0409534739877725,1226.7045112781957,24456.39776951673
11.195,1053.7842696629214,1072.8729981378026,0.2938348679245283,0.0628026022727272,0.3314244210526316,0.0904980899470899,0.0409660244549544,1226.5,24473.018587360595
11.252,1056.1539325842696,1075.0595903165736,0.2967472452830189,0.070598,0.3324444210526316,0.0895645264550264,0.0409870649440535,1226.0537366548042,24500.882899628254
11.386,1061.7247191011236,1080.2,0.3035938867924528,0.0889224999999998,0.3348423157894737,0.0873698333333333,0.0410365285500057,1225.0046263345196,24566.388475836433
11.449,1064.3438202247191,1082.2644067796612,0.3068128301886793,0.0975377499999999,0.3359696842105263,0.086338,0.041059783827431,1224.511387900356,24597.185873605948
11.472,1065.3,1083.0180790960453,0.307988,0.1006829999999999,0.3363812631578947,0.0859723258426966,0.0410682738493482,1224.3313167259787,24608.429368029738
11.516,1067.3236641221374,1084.4598870056498,0.3102361509433962,0.1067,0.3371686315789474,0.0852727752808988,0.0410845156304072,1223.9868327402137,24629.93866171004
11.541,1068.473473282443,1085.2790960451978,0.3115135094339623,0.1108676136363636,0.337616,0.0848753033707865,0.0410937439150997,1223.791103202847,24642.159851301116
11.63922,1072.9908435114503,1088.497604519774,0.3165319954716981,0.127241334090909,0.33987506,0.083313715730337,0.04113,1223.0221209964411,24690.174460966544
11.645,1073.256679389313,1088.6870056497175,0.316827320754717,0.1282048863636362,0.340008,0.0832218202247191,0.0411340458701325,1222.976868327402,24693.0
11.684,1075.0503816793894,1089.9649717514123,0.31882,0.1347063636363634,0.340905,0.0826017640449438,0.0411613449938643,1222.6715302491104,24715.20391517129
11.692,1075.418320610687,1090.2271186440678,0.3193772016460905,0.13604,0.341089,0.0824745730337078,0.041166944814117,1222.6088967971532,24719.758564437194
11.74,1077.6259541984732,1091.8,0.3227204115226338,0.1420693670886076,0.3421930000000001,0.0817114269662921,0.0412005437356331,1222.2330960854092,24747.086460032624
11.837,1082.087213740458,1095.4976501305482,0.3294764814814815,0.1542537130801687,0.344424,0.0801692359550561,0.0412684415561969,1221.4736654804271,24802.31158238173
11.894,1084.7087786259542,1097.670496083551,0.3334465432098765,0.1614135864978902,0.3453132598425197,0.079263,0.0413083402754973,1221.0274021352311,24834.763458401307
11.929,1086.3185114503815,1099.0046997389034,0.3358843004115227,0.16581,0.3458592965879266,0.0786069027431421,0.0413328394891028,1220.7533807829182,24854.69004893964
11.996,1089.4,1101.5587467362925,0.3405508641975309,0.1823520689655173,0.3469045669291339,0.0773509451371571,0.041379737983719,1220.228825622776,24892.8352365416
12.038,1090.7504424778765,1103.1597911227154,0.3434761728395062,0.1927217241379311,0.3475598110236221,0.0765636284289276,0.0414091370400456,1219.9,24916.747145187604
12.045,1090.9755162241888,1103.426631853786,0.3439637242798354,0.19445,0.3476690183727035,0.0764324089775561,0.0414140368827667,1219.83167587477,24920.73246329527
12.123,1093.4834808259586,1106.4,0.349396440329218,0.2124774137931033,0.3488859002624672,0.0749702493765586,0.0414686351302303,1219.070349907919,24965.140293637847
12.161,1094.705309734513,1107.819411764706,0.3520431481481481,0.22126,0.3494787401574803,0.07425791521197,0.0414952342764306,1218.6994475138122,24986.7748776509
12.17,1094.9946902654867,1108.1555882352943,0.35267,0.2236738620689656,0.3496191496062992,0.074089204488778,0.0415015340742149,1218.6116022099447,24991.89885807504
12.218,1096.538053097345,1109.9485294117649,0.3557057005758157,0.2365477931034484,0.350368,0.0731894139650872,0.041535132995731,1218.143093922652,25019.22675367047
12.258,1097.8241887905604,1111.4426470588237,0.3582354510556621,0.2472760689655171,0.3512735782312925,0.0724395885286783,0.0415631320969944,1217.752670349908,25042.0
12.295,1099.0138643067846,1112.8247058823529,0.3605754702495201,0.2571997241379312,0.3521112380952381,0.071746,0.041589031265663,1217.3915285451196,25061.384462151396
12.306,1099.367551622419,1113.235588235294,0.3612711516314779,0.26015,0.3523602721088435,0.0715530625,0.0415967310185105,1217.284162062615,25067.147410358564
12.335,1100.3,1114.3188235294117,0.3631052207293666,0.2690740909090913,0.3530168163265306,0.071044409090909,0.0416170303669264,1217.0011049723755,25082.340637450197
12.394,1101.8825520833332,1116.5226470588236,0.3668366026871401,0.28723,0.3543525442176871,0.0700095625,0.04165832904129,1216.4252302025782,25113.25099601593
12.463,1103.7333333333331,1119.1,0.3712004222648751,0.3059151999999996,0.3559146666666666,0.0687993181818182,0.0417066274909694,1215.7517495395948,25149.400398406375
12.512,1105.04765625,1120.944705882353,0.3742993666026871,0.3191843999999999,0.357024,0.0679398693181818,0.0417409263900171,1215.2734806629833,25175.071713147412
12.569,1106.5765625,1123.090588235294,0.3779042610364683,0.33462,0.3580473176470588,0.0669401022727272,0.0417808251093174,1214.7171270718231,25204.93426294821
12.581,1106.8984375,1123.5423529411764,0.3786631861804222,0.3396363934426223,0.3582627529411765,0.066729625,0.0417892248396965,1214.6,25211.22111553785
12.647,1108.66875,1126.0270588235294,0.3828372744721689,0.3672265573770489,0.3594476470588235,0.065572,0.0418354233567811,1213.9386221294362,25245.798804780876
12.691,1109.8489583333333,1127.6835294117648,0.38562,0.38562,0.3602375764705882,0.0646602300319488,0.0418662223681709,1213.4977035490604,25268.85059760956
12.719,1110.6,1128.7376470588235,0.3874973333333332,0.3925608450704222,0.3607402588235294,0.0640800127795527,0.0418858217390552,1213.2171189979122,25283.519920318726
12.76,1111.8348235294118,1130.2811764705882,0.3902462857142856,0.4027242253521125,0.3614763294117647,0.0632304089456869,0.0419145208178502,1212.8062630480167,25305.0
12.7964,1112.931105882353,1131.6515294117648,0.392686819047619,0.411747323943662,0.3621298164705882,0.0624761265175718,0.04194,1212.441503131524,25324.58275154004
12.803,1113.1298823529412,1131.9,0.3931293333333334,0.4133833802816903,0.3622483058823529,0.0623393610223642,0.0419511307014181,1212.3753653444676,25328.133470225875
12.833,1114.0334117647058,1132.5,0.3951407619047619,0.42082,0.3627868941176471,0.0617176996805111,0.0420017247987734,1212.074739039666,25344.273100616017
12.852,1114.6056470588237,1132.88,0.3964146666666667,0.4260540476190477,0.363128,0.0613239808306709,0.0420337677270985,1211.884342379958,25354.494866529774
12.959,1117.8282352941176,1135.02,0.4035887619047619,0.45553,0.3650041297935103,0.0591067220447284,0.0422142200076657,1210.812108559499,25412.05954825462
12.96,1117.8583529411765,1135.0400000000002,0.4036558095238096,0.455769133858268,0.3650216637168141,0.059086,0.0422159064775776,1210.8020876826722,25412.597535934292
13.06,1120.8701176470588,1137.0400000000002,0.4103605714285715,0.4796825196850394,0.3667750560471976,0.0566517142857142,0.0423845534687619,1209.8,25466.396303901438
13.086,1121.6531764705885,1137.5600000000002,0.4121038095238096,0.4859,0.3672309380530973,0.0560188,0.0424284016864699,1209.4626297577854,25480.383983572898
13.144,1123.4,1138.72,0.4159925714285715,0.5066875362318843,0.3682479056047197,0.0546069142857142,0.0425262169413568,1208.710034602076,25511.587268993844
13.155,1123.814117647059,1138.94,0.4167300952380952,0.51063,0.3684407787610619,0.0543391428571428,0.0425447681103871,1208.5673010380622,25517.50513347023
13.191,1125.169411764706,1139.66,0.4191438095238096,0.5180633333333337,0.3690719999999999,0.0534627999999999,0.0426054810272134,1208.1001730103806,25536.872689938402
13.205,1125.6964705882351,1139.94,0.4200824761904763,0.5209540740740742,0.3693299527559054,0.053122,0.0426290916059793,1207.9185121107266,25544.404517453804
13.216,1126.1105882352942,1140.16,0.42082,0.5232253703703703,0.3695326299212598,0.0528177298850574,0.0426476427750095,1207.775778546713,25550.32238193019
13.228,1126.5623529411766,1140.4,0.4217764210526316,0.5257031481481482,0.3697537322834645,0.0524857988505747,0.0426678804139517,1207.6200692041523,25556.778234086247
13.247,1127.2776470588235,1140.640294117647,0.423290754385965,0.5296262962962963,0.370103811023622,0.0519602413793103,0.0426999233422767,1207.3735294117646,25567.000000000004
13.263,1127.88,1140.8426470588236,0.4245659824561404,0.53293,0.3703986141732283,0.0515176666666666,0.0427269068608662,1207.165916955017,25575.124031007756
13.379,1132.2470588235294,1142.309705882353,0.4338113859649123,0.5637245299145296,0.3725359370078739,0.048309,0.04292253737064,1205.6607266435983,25634.02325581396
13.38,1132.2847058823531,1142.3223529411766,0.4338910877192983,0.56399,0.3725543622047244,0.0482915192307692,0.0429242238405519,1205.647750865052,25634.53100775194
13.445,1134.7317647058824,1143.144411764706,0.439071701754386,0.5795337007874016,0.373752,0.0471552692307692,0.0430338443848217,1204.8043252595155,25667.53488372093
13.484,1136.2,1143.6376470588236,0.4421800701754386,0.5888599212598425,0.3746041422924901,0.0464735192307692,0.0430996167113836,1204.2982698961937,25687.337209302328
13.507,1136.9441176470589,1143.9285294117649,0.4440132105263158,0.59436,0.3751066877470355,0.0460714615384615,0.043138405519356,1203.9998269896194,25699.01550387597
13.568,1138.9176470588236,1144.7,0.4488750175438596,0.604394644549763,0.3764395256916996,0.0450051346153846,0.0432412801839785,1203.20830449827,25729.988372093023
13.638,1141.1823529411763,1146.5039215686274,0.4544541403508772,0.6159098104265402,0.3779690118577075,0.0437814807692307,0.0433593330778075,1202.3,25765.531007751935
13.691,1142.8970588235295,1147.8697478991598,0.4586783333333334,0.6246284360189575,0.3791270513833992,0.042855,0.0434487159831353,1201.5939962476548,25792.441860465122
13.698,1143.1235294117648,1148.0501400560224,0.4592362456140351,0.6257799526066352,0.37928,0.0427125723905723,0.0434605212725182,1201.5007504690432,25795.996124031008
13.70955,1143.497205882353,1148.347787114846,0.460156800877193,0.6276799549763034,0.3796104,0.0424775668350168,0.04348,1201.346894934334,25801.86065891473
13.718,1143.770588235294,1148.5655462184875,0.4608302807017544,0.62907,0.3798521212121212,0.0423056363636363,0.0434979331643965,1201.2343339587242,25806.1511627907
13.763,1145.226470588235,1149.7252100840335,0.4644168596491228,0.6392337931034483,0.381139393939394,0.0413900303030303,0.0435934352233132,1200.6348968105065,25829.0
13.786,1145.970588235294,1150.3179271708684,0.46625,0.6444286206896551,0.3817973333333334,0.0409220538720538,0.0436422473867595,1200.3285178236397,25840.65570599613
13.863,1148.4617647058824,1152.3022408963586,0.4722593939393939,0.66182,0.384,0.0393553501683501,0.0438056620209059,1199.302814258912,25879.676982591882
13.892,1149.4,1153.0495798319328,0.4745226721763085,0.6672294666666666,0.3846159689922481,0.0387652929292929,0.0438672077922077,1198.9165103189491,25894.373307543523
13.925,1149.9972850678737,1153.9,0.4770981267217632,0.6733850666666669,0.3853168992248062,0.0380938484848484,0.0439372426354133,1198.476923076923,25911.09671179884
13.988,1151.137556561086,1154.388913525499,0.4820149035812672,0.6851366666666666,0.3866550387596899,0.036812,0.0440709455178967,1197.6377110694184,25943.023210831725
14.013,1151.5900452488688,1154.5829268292684,0.4839660055096419,0.6898,0.3871860465116279,0.0362594166666666,0.0441240022172949,1197.3046904315197,25955.692456479694
14.121,1153.5447963800907,1155.4210643015522,0.4923947658402205,0.7045585826771654,0.38948,0.0338722566666666,0.0443532071586949,1195.8660412757974,26010.42359767892
14.149,1154.0515837104074,1155.638359201774,0.49458,0.7083848818897637,0.3902456727272727,0.0332533633333333,0.0444126306620209,1195.493058161351,26024.613152804643
14.171,1154.4497737556562,1155.809090909091,0.4966466031746032,0.7113912598425196,0.3908472727272727,0.03276709,0.0444593205574912,1195.2,26035.76208897485
14.267,1156.1873303167422,1156.5541019955656,0.505664507936508,0.72451,0.3934724363636363,0.03064517,0.0446630582831802,1193.4786206896551,26084.411992263056
14.28,1156.4226244343893,1156.6549889135256,0.5068856825396826,0.7260643700787401,0.3938279272727272,0.0303578266666666,0.0446906477668672,1193.2455172413793,26091.000000000004
14.288,1156.5674208144796,1156.7170731707315,0.5076371746031747,0.7270209055118111,0.3940466909090909,0.030181,0.0447076259106746,1193.1020689655172,26094.7504456328
14.334,1157.4,1157.0740576496676,0.511958253968254,0.7325209842519684,0.3953045818181818,0.0289789831223628,0.0448052502375673,1192.2772413793105,26116.31550802139
14.34095,1157.5262106537532,1157.1279933481153,0.5126111126984126,0.7333519744094488,0.3954946327272727,0.0287973740506329,0.04482,1192.1526206896551,26119.573707664884
14.341,1157.527118644068,1157.128381374723,0.5126158095238095,0.7333579527559054,0.3954959999999999,0.0287960675105485,0.0448200791185265,1192.151724137931,26119.59714795009
14.376,1158.162711864407,1157.4,0.5159035873015873,0.7375427952755905,0.3963405901639344,0.0278814894514768,0.0448754620871001,1191.5241379310346,26136.005347593586
14.461,1159.7062953995155,1159.1183288409704,0.5238881904761905,0.7477059842519684,0.398391737704918,0.0256603713080168,0.0450099635822076,1190.0,26175.85383244207
14.464,1159.760774818402,1159.17897574124,0.52417,0.7480646850393701,0.398464131147541,0.0255819789029535,0.0450147106937996,1189.940350877193,26177.26024955437
14.521,1160.79588377724,1160.3312668463614,0.5290225283018869,0.75488,0.3998396065573771,0.024092523206751,0.0451049058140481,1188.8070175438595,26203.98217468806
14.525,1160.8685230024214,1160.412129380054,0.5293630566037736,0.755505123966942,0.399936131147541,0.023988,0.0451112352961708,1188.727485380117,26205.85739750446
14.585,1161.9581113801453,1161.625067385445,0.5344709811320756,0.7648819834710744,0.4013840000000001,0.0224947796610169,0.0452061775280114,1187.5345029239766,26233.985739750446
14.702,1164.0828087167072,1163.990296495957,0.5444314339622642,0.7831668595041321,0.4037366486486486,0.019583,0.0453913148801005,1185.208187134503,26288.83600713013
14.729,1164.5731234866828,1164.536118598383,0.54673,0.7873864462809915,0.4042795675675676,0.0190484511041009,0.0454340388844287,1184.6713450292398,26301.493761140824
14.747,1164.9,1164.9,0.5484696977329976,0.7901995041322314,0.4046415135135136,0.0186920851735015,0.0454625215539809,1184.3134502923976,26309.93226381462
14.763,1165.1123680241328,1165.1123680241328,0.5500160957178842,0.7927,0.4049632432432433,0.0183753154574132,0.0454878394824717,1183.995321637427,26317.433155080216
14.803,1165.6432880844648,1165.6432880844648,0.553882090680101,0.7975896860986548,0.4057675675675676,0.0175833911671924,0.0455511343036987,1183.2,26336.185383244207
14.841,1166.1476621417798,1166.1476621417798,0.5575547858942066,0.8022348878923765,0.4065316756756757,0.0168310630914826,0.0456112643838644,1182.495752895753,26354.000000000004
14.881,1166.6785822021118,1166.6785822021118,0.5614207808564233,0.8071245739910313,0.407336,0.0160391388012618,0.0456745592050915,1181.7544401544403,26373.19413919414
14.986,1168.0722473604828,1168.0722473604828,0.5715690176322419,0.81996,0.4098719241706161,0.0139603375394321,0.0458407081108124,1179.8084942084945,26423.57875457876
15.019,1168.5102564102565,1168.5102564102565,0.5747584634760706,0.8240118396226415,0.4106689289099526,0.013307,0.0458929263383247,1179.1969111969113,26439.41391941392
15.062,1169.0809954751132,1169.0809954751132,0.5789144080604534,0.8292915094339621,0.4117074502369668,0.0126851831428571,0.0459609682711438,1178.4,26460.04761904762
15.092,1169.479185520362,1169.479185520362,0.581813904282116,0.832975,0.412432,0.0122513574285714,0.0460084393870641,1177.8044943820223,26474.443223443224
15.126,1169.9304675716442,1169.9304675716442,0.5851,0.8371496226415094,0.4132544454976303,0.0117596882857142,0.0460622399851071,1177.1295880149814,26490.75824175824
15.198,1170.886123680241,1170.886123680241,0.5924840909090909,0.84599,0.4149960947867299,0.0107185065714285,0.0461761706633157,1175.7003745318352,26525.307692307695
15.20042,1170.9182443438915,1170.9182443438915,0.5927322784090908,0.8462420026666666,0.4150546335545023,0.0106835112971428,0.04618,1175.6523370786515,26526.468937728936
15.303,1172.2797888386124,1172.2797888386124,0.6032525568181819,0.856924,0.417536,0.0092001165714285,0.0464104239142955,1173.6161048689137,26575.69230769231
15.329,1172.6248868778282,1172.6248868778282,0.6059190340909092,0.8596314666666667,0.4174248576214405,0.0088241342857142,0.046468827324041,1173.1,26588.168498168496
15.369,1173.15580693816,1173.15580693816,0.6100213068181818,0.8637967999999999,0.4172538693467337,0.0082457,0.0465586787236493,1172.2036414565823,26607.362637362636
15.387,1173.3947209653093,1173.3947209653093,0.6118673295454546,0.8656712,0.4171769246231156,0.0080248039999999,0.0465991118534731,1171.800280112045,26616.0
15.41,1173.7,1173.7,0.6142261363636364,0.8680662666666666,0.4170786063651591,0.0077425479999999,0.0466507764082479,1171.2848739495798,26626.760714285723
15.423,1174.0034638554218,1174.0034638554218,0.615559375,0.86942,0.4170230351758794,0.0075830119999999,0.0466799781131206,1170.9935574229692,26632.842857142852
15.478,1175.2873493975903,1175.2873493975903,0.6212,0.874948947368421,0.4167879262981575,0.006908052,0.046803523787582,1169.7610644257702,26658.575
15.67,1179.7692771084337,1179.7692771084337,0.6383820963172805,0.89425,0.4159671825795645,0.004551828,0.0472348105057021,1165.4585434173669,26748.40357142857
15.686,1180.1427710843377,1180.1427710843377,0.6398139376770539,0.8965668932038835,0.4158987872696817,0.004355476,0.0472707510655454,1165.1,26755.889285714286
15.694,1180.3295180722891,1180.3295180722891,0.6405298583569407,0.8977253398058254,0.4158645896147404,0.0042573,0.0472887213454671,1164.8890547263682,26759.632142857143
15.831,1183.5275602409638,1183.5275602409638,0.65279,0.9175637378640776,0.4152789547738694,0.0022783756126482,0.0475964623891256,1161.276616915423,26823.72857142857
15.876,1184.5780120481927,1184.5780120481927,0.6569348979591837,0.92408,0.4150865929648241,0.0016283639525691,0.047697545213685,1160.0900497512437,26844.782142857144
15.887,1184.8347891566266,1184.8347891566266,0.6579480952380953,0.9250829032258066,0.4150395711892797,0.0014694722134387,0.0477222543485773,1159.8,26849.928571428572
15.8949,1185.019201807229,1185.019201807229,0.6586757551020408,0.9258031700879766,0.4150058010050251,0.0013553590553359,0.04774,1159.651358885017,26853.624642857143
15.9,1185.1382530120482,1185.1382530120482,0.6591455102040817,0.9262681524926688,0.414984,0.0012816910671936,0.0477576607693844,1159.555400696864,26856.01071428572
15.947,1186.235391566265,1186.235391566265,0.6634746258503401,0.930553284457478,0.414515323943662,0.00060279,0.0479204168793979,1158.6710801393729,26878.000000000004
16.074,1189.2,1189.2,0.675172448979592,0.9421322580645164,0.4132489014084507,0.000591935848575,0.0483602046660303,1156.2815331010454,26929.40902679831
16.174,1192.237156704362,1192.292105263158,0.6843833333333333,0.951249560117302,0.4122517183098592,0.0005833892726499,0.0487064942618038,1154.4,26969.888575458393
16.217,1193.5431340872374,1193.6217105263158,0.6883440136054422,0.95517,0.4118229295774648,0.0005797142450021,0.0488553987879864,1153.2666666666669,26987.29478138223
16.272,1195.2135702746364,1195.3223684210525,0.69341,0.9600057142857142,0.4112744788732394,0.0005750136282433,0.0490458580656618,1151.817054263566,27009.558533145275
16.326,1196.853634894992,1196.992105263158,0.6984728571428573,0.9647535064935068,0.410736,0.0005703984772437,0.0492328544473795,1150.3937984496124,27031.41748942172
16.34539,1197.4425395799676,1197.5916644736842,0.7002907978835978,0.9664583155844156,0.4105432339181287,0.0005687412961718,0.0493,1149.8827441860465,27039.266473906922
16.432,1200.0730210016154,1200.2697368421052,0.7084110582010582,0.9740732467532468,0.4096821988304093,0.000561339106763,0.0498421813804173,1147.6,27074.32581100141
16.525,1202.897576736672,1203.145394736842,0.7171304232804233,0.98225,0.4087576374269006,0.0005533907911527,0.0504243643659711,1145.0674107142856,27111.971791255288
16.59459,1205.0111340872377,1205.2971907894737,0.7236549460317462,0.9837011903525046,0.4080658070175438,0.0005474432289663,0.05086,1143.172325892857,27140.141509167843
16.65,1206.6940226171243,1207.0105263157895,0.72885,0.9848566790352504,0.4075149473684211,0.0005427075712462,0.0515000290632684,1141.6633928571428,27162.571227080396
16.656,1206.876252019386,1207.196052631579,0.7292797641509434,0.9849817996289424,0.407455298245614,0.0005421947766907,0.0515693337804605,1141.5,27165.0
16.668,1207.2407108239097,1207.5671052631578,0.7301392924528303,0.9852320408163264,0.407336,0.0005411691875797,0.0517079432148446,1141.2227586206895,27172.955056179773
16.682,1207.66591276252,1208.0,0.7311420754716981,0.9855239888682744,0.4071964590163934,0.0005399726669502,0.051869654221626,1140.8993103448277,27182.235955056178
16.693,1208.0,1208.658099352052,0.7319299764150945,0.9857533766233766,0.4070868196721312,0.0005390325435984,0.0519967128698114,1140.645172413793,27189.528089887637
16.72878,1210.1927123893804,1210.7987170626352,0.7344928033018869,0.9864995124304268,0.4067301927868852,0.0005359745787324,0.05241,1139.8185310344827,27213.247415730337
16.83422,1216.6544115044246,1217.106898488121,0.742045191981132,0.9886982983302413,0.4056792498360656,0.0005269630690769,0.05397,1137.382503448276,27283.14584269663
16.92687,1222.3322986725664,1222.6498898488123,0.748681466745283,0.9906303688311688,0.4047557875409835,0.0005190446664823,0.05553,1135.2419689655171,27344.56550561798
16.946,1223.504646017699,1223.7943844492445,0.7500516981132076,0.9910292949907236,0.4045651147540983,0.0005174097065078,0.0558413489827856,1134.8,27357.247191011236
17.02272,1228.2062920353983,1228.3843282937366,0.7555469490566037,0.9926291703153988,0.4038004301639344,0.0005108527734581,0.05709,1133.2989565217392,27408.106516853935
17.064,1230.7360619469027,1230.8539956803456,0.7585037264150942,0.99349,0.4033889836065573,0.0005073247469162,0.0572332886831916,1132.491304347826,27435.471910112363
17.074,1231.34889380531,1231.452267818575,0.75922,0.993485602294455,0.4032893114754098,0.0005064700893236,0.0572680000890036,1132.295652173913,27442.10112359551
17.095,1232.6358407079647,1232.7086393088553,0.7607688372093021,0.9934763671128108,0.40308,0.0005046753083794,0.0573408940412086,1131.8847826086958,27456.02247191011
17.145,1235.7,1235.7,0.7644565448504982,0.993454378585086,0.4025825761124121,0.0005004020204168,0.0575144510702683,1130.9065217391303,27489.16853932584
17.19,1238.0351351351353,1239.489473684211,0.7677754817275748,0.9934345889101338,0.4021348946135831,0.0004965560612505,0.057670652396422,1130.0260869565218,27519.0
17.36,1246.8567567567568,1253.8052631578948,0.7803136877076412,0.99335982791587,0.4004436533957845,0.0004820268821777,0.0582607462952249,1126.7,27610.083172147002
17.375,1247.6351351351352,1255.0684210526315,0.78142,0.9933532313575526,0.4002944262295081,0.000480744895789,0.0583128134039428,1126.2588235294118,27618.119922630558
17.47214,1252.6759135135137,1263.2486315789474,0.7867742393088553,0.9933105120458892,0.3993280311007025,0.0004724427519353,0.05865,1123.4017647058824,27670.16591876209
17.487,1253.447027027027,1264.5,0.787593304535637,0.9933039770554494,0.3991801967213114,0.0004711727307528,0.0587004735979957,1122.964705882353,27678.127659574464
17.522,1255.263243243243,1268.057142857143,0.7895224622030237,0.993288585086042,0.3988319999999999,0.000468181429179,0.0588193548853343,1121.9352941176471,27696.88007736944
17.587,1258.6362162162163,1274.6632653061226,0.7931051835853131,0.99326,0.3980356036036035,0.0004626261548277,0.0590401344189631,1120.023529411765,27731.705996131528
17.632,1260.9713513513514,1279.236734693878,0.7955855291576674,0.9933844262295082,0.3974842522522522,0.0004587801956614,0.0591929817883985,1118.7,27755.81624758221
17.7,1264.5,1286.147755102041,0.799333606911447,0.9935724480874316,0.396651099099099,0.0004529685240323,0.0594239511466563,1116.9281690140847,27792.249516441007
17.707,1265.0327586206895,1286.8591836734695,0.7997194384449244,0.9935918032786886,0.3965653333333333,0.0004523702637175,0.0594477274041241,1116.7457746478874,27796.0
17.732,1266.9354679802957,1289.4,0.8010974082073433,0.9936609289617486,0.396259027027027,0.0004502336197362,0.0595326426093659,1116.0943661971833,27810.112903225807
17.838,1275.0029556650247,1298.654489164087,0.80694,0.9939540218579236,0.3949602882882883,0.0004411742492556,0.0598926830795914,1113.3323943661971,27869.951612903227
17.88726,1278.7520541871922,1302.9552074303408,0.8101545059055119,0.9940902271038252,0.3943567423423423,0.0004369642059549,0.06006,1112.0488591549297,27897.75967741936
17.916,1280.939408866995,1305.4643962848295,0.8120299606299213,0.9941696939890712,0.3940046126126126,0.000434507920034,0.0600741125284061,1111.3,27913.983870967742
18.055,1291.518472906404,1317.6,0.8211005314960629,0.9945540327868851,0.3923015495495496,0.000422628179498,0.0601423672760908,1106.5576470588237,27992.451612903224
18.077,1293.1928571428573,1319.969230769231,0.8225361614173229,0.994614863387978,0.392032,0.0004207479327945,0.0601531701857963,1105.8070588235294,28004.870967741932
18.086,1293.877832512315,1320.9384615384613,0.823123464566929,0.9946397486338796,0.3919195822454309,0.0004199787409612,0.0601575895579485,1105.5,28009.951612903224
18.106,1295.4,1323.092307692308,0.8244285826771655,0.994695049180328,0.3916697650130549,0.0004182694257762,0.0601674103849535,1105.036231884058,28021.24193548387
18.237,1313.371900826446,1337.2,0.8329771062992125,0.9950572677595628,0.3900334621409922,0.0004070734113143,0.0602317368018362,1101.9985507246377,28095.193548387095
18.293,1321.0545454545454,1344.047272727273,0.836631437007874,0.9952121092896176,0.3893339738903394,0.0004022873287962,0.0602592351174502,1100.7,28126.8064516129
18.327,1325.7190082644631,1348.2045454545455,0.8388501377952757,0.9953061202185792,0.3889092845953003,0.0003993814929817,0.0602759305233587,1099.4675,28146.0
18.346,1328.3256198347108,1350.5277272727274,0.84009,0.9953586557377048,0.3886719582245431,0.0003977576435559,0.0602852603090134,1098.77875,28156.328660436135
18.348,1328.6,1350.7722727272726,0.8401943352601156,0.9953641857923496,0.3886469765013055,0.0003975867120374,0.0602862423917139,1098.7062500000002,28157.415887850464
18.453,1333.885714285714,1363.6109090909088,0.845671936416185,0.9956545136612022,0.3873354360313316,0.000388612807316,0.0603378017334901,1094.9,28214.495327102803
18.457,1334.087074829932,1364.1,0.8458806069364162,0.9956655737704918,0.3872854725848564,0.000388270944279,0.0603397658988911,1094.7298507462688,28216.669781931465
18.46,1334.2380952380952,1364.6267045454545,0.8460371098265896,0.995673868852459,0.387248,0.0003880145470012,0.0603412390229419,1094.6022388059705,28218.300623052957
18.502,1336.3523809523808,1372.000568181818,0.8482281502890173,0.99579,0.3866846060606061,0.0003844249851127,0.0603618627596523,1092.8156716417911,28241.13239875389
18.587,1340.6312925170066,1386.9238636363636,0.8526623988439306,0.9957687090558768,0.3855444040404041,0.0003771603955763,0.0604036012744235,1089.2,28287.339563862926
18.633,1342.94693877551,1395.0,0.8550621098265896,0.9957571868978804,0.3849273535353536,0.0003732289706507,0.060426189176535,1087.5985185185186,28312.345794392524
18.722,1347.4272108843536,1411.1725714285717,0.8597050289017342,0.9957348940269748,0.383733494949495,0.0003656225180774,0.0604698918567072,1084.5,28360.727414330217
18.76295,1349.4886394557825,1418.6137714285717,0.8618412933526012,0.9957246368015414,0.3831841858585859,0.000362122695236,0.06049,1083.2417597765364,28382.98839563863
18.789,1350.8,1423.3474285714287,0.863200260115607,0.995718111753372,0.3828347474747475,0.0003598963122075,0.0605014931464268,1082.4413407821228,28397.149532710282
18.808,1354.2372727272725,1426.8,0.8641914450867052,0.995713352601156,0.3825798787878788,0.0003582724627817,0.0605098758635903,1081.8575418994417,28407.478193146417
18.856,1362.9209090909092,1437.5009174311929,0.8666954913294799,0.9957013294797687,0.381936,0.0003541701063377,0.0605310532543192,1080.3826815642458,28433.57165109034
18.899,1370.7,1447.0871559633026,0.8689386994219653,0.9956905587668592,0.3813991111111112,0.0003504950786899,0.0605500246668471,1079.0614525139663,28456.947040498442
18.901,1371.0850931677016,1447.5330275229353,0.8690430346820809,0.9956900578034682,0.3813741395348838,0.0003503241471714,0.0605509070581275,1079.0,28458.03426791277
18.917,1374.165838509317,1451.1,0.8698777167630058,0.9956860500963391,0.3811743669250646,0.0003489566950233,0.0605579661883704,1078.4966292134832,28466.732087227414
18.969,1384.1782608695655,1460.269230769231,0.8725904335260116,0.9956730250481696,0.3805251059431525,0.0003445124755423,0.0605809083616601,1076.8606741573033,28495.0
19.021,1394.190683229814,1469.4384615384618,0.8753031502890174,0.99566,0.3798758449612403,0.0003400682560612,0.0606038505349497,1075.2247191011236,28523.212765957443
19.038,1397.4639751552795,1472.4360946745564,0.87619,0.995664299610895,0.3796635865633075,0.0003386153381539,0.0606113508608328,1074.6898876404496,28532.436170212764
19.06,1401.7,1476.3153846153846,0.8771621932114883,0.9956698638132296,0.3793888992248062,0.0003367350914504,0.0606210571649169,1073.997752808989,28544.37234042553
19.079,1404.2605734767028,1479.6656804733732,0.8780018146214099,0.9956746692607004,0.379151669250646,0.0003351112420246,0.0606294398820804,1073.4,28554.68085106383
19.086,1405.2039426523295,1480.9,0.8783111488250652,0.995676439688716,0.3790642687338502,0.0003345129817099,0.0606325282515617,1073.1918300653597,28558.47872340425
19.243,1426.3623655913975,1515.9080745341612,0.8852490731070496,0.995716147859922,0.377104,0.0003210948575074,0.0607017959670707,1068.5228758169935,28643.65957446808
19.247,1426.9014336917564,1516.8,0.8854258355091384,0.995717159533074,0.3770220487804878,0.0003207529944704,0.0607035607496315,1068.4039215686275,28645.82978723404
19.339,1439.3,1531.301694915254,0.8894913707571801,0.9957404280155642,0.3751371707317074,0.0003128901446193,0.0607441507485285,1065.6679738562093,28695.74468085106
19.385,1445.8144508670523,1538.5525423728816,0.8915241383812011,0.9957520622568092,0.3741947317073171,0.0003089587196937,0.060764445747977,1064.3,28720.702127659577
19.424,1451.337572254335,1544.7,0.8932475718015666,0.9957619260700388,0.3733957073170732,0.0003056255550829,0.0607816523779442,1063.2266055045873,28741.86170212766
19.489,1460.542774566474,1559.4797619047622,0.8961199608355092,0.9957783657587548,0.372064,0.0003000702807316,0.0608103300945562,1061.437614678899,28777.12765957447
19.508,1463.2335260115606,1563.8,0.8969595822454308,0.9957831712062256,0.3718027917888564,0.0002984464313058,0.0608187128117197,1060.914678899083,28787.436170212768
19.512,1463.8,1564.5819548872182,0.8971363446475196,0.9957841828793774,0.3717478005865103,0.0002981045682688,0.0608204775942805,1060.8045871559632,28789.606382978724
19.533,1467.3220472440946,1568.6872180451132,0.8980643472584857,0.995789494163424,0.3714590967741936,0.0002963097873245,0.0608297427027243,1060.226605504587,28801.0
19.535,1467.6574803149606,1569.078195488722,0.8981527284595301,0.99579,0.3714316011730206,0.000296138855806,0.0608306250940047,1060.1715596330275,28802.114406779663
19.603,1479.0622047244096,1582.371428571429,0.9011576892950393,0.9959946017699116,0.3704967507331378,0.0002903271841769,0.0608606263975373,1058.3,28840.004237288136
19.639,1485.1,1589.4090225563912,0.902748550913838,0.9961029203539824,0.3700018299120235,0.0002872504168438,0.0608765094405839,1056.7715083798882,28860.06355932204
19.641,1485.435433070866,1589.8,0.9028369321148824,0.9961089380530972,0.3699743343108505,0.0002870794853253,0.0608773918318643,1056.686592178771,28861.177966101688
19.76024,1505.433952755906,1616.8277333333335,0.9081062193211488,0.9964677132743364,0.3683350465689149,0.0002768885481922,0.06093,1051.6238882681564,28927.618898305085
19.761,1505.5614173228348,1617.0,0.9081398041775456,0.99647,0.3683245982404692,0.0002768235942152,0.0609309184477093,1051.591620111732,28928.042372881362
19.766,1506.4,1617.8816568047334,0.9083607571801566,0.9964850442477876,0.3682558592375367,0.0002763962654189,0.0609369608668495,1051.3793296089386,28930.82838983051
19.782,1508.8062992125988,1620.702958579882,0.9090678067885116,0.996533185840708,0.3680358944281525,0.0002750288132709,0.0609562966080982,1050.7,28939.7436440678
19.804,1512.1149606299211,1624.58224852071,0.91004,0.9965993805309734,0.3677334428152493,0.0002731485665674,0.0609828832523151,1049.7279069767442,28952.002118644068
19.83,1516.0251968503935,1629.1668639053253,0.9112325901639344,0.996677610619469,0.367376,0.0002709264568268,0.0610143038318442,1048.579069767442,28966.48940677966
19.893,1525.5,1640.2757396449706,0.9141223278688524,0.9968671681415928,0.366427744680851,0.000265542113994,0.0610904383130108,1045.7953488372093,29001.593220338986
19.93,1532.3190082644626,1646.8,0.915819475409836,0.9969784955752212,0.3658708328267477,0.0002623798809017,0.0611351522146484,1044.160465116279,29022.209745762713
19.954,1536.7421487603306,1650.421301775148,0.9169203278688524,0.9970507079646016,0.3655095927051671,0.0002603287026797,0.0611641558265214,1043.1,29035.58262711865
